Epoch,Batch,Training Loss,Training Time (s)
1,1,10.580293655395508,1.1795
1,2,10.368879318237305,0.6023
1,3,9.431014060974121,0.3683
1,4,8.618274688720703,0.3758
1,5,8.374987602233887,0.3194
1,6,8.018040657043457,0.2905
1,7,7.889164924621582,0.2887
1,8,7.2584004402160645,0.3348
1,9,7.978752136230469,0.3049
1,10,6.859343528747559,0.3011
1,11,6.953662872314453,0.296
1,12,7.27753210067749,0.3101
1,13,6.244338035583496,0.2986
1,14,5.9791131019592285,0.3038
1,15,6.096701622009277,0.3008
1,16,6.070791244506836,0.3139
1,17,6.007214546203613,0.3239
1,18,5.981028079986572,0.354
1,19,5.895501136779785,0.295
1,20,6.743731498718262,0.3206
1,21,5.970740795135498,0.2959
1,22,6.104583740234375,0.3198
1,23,5.937981128692627,0.3013
1,24,5.994437217712402,0.2952
1,25,5.814696311950684,0.2946
1,26,5.331170558929443,0.3202
1,27,5.691682815551758,0.3112
1,28,5.440204620361328,0.3039
1,29,5.803160667419434,0.2839
1,30,5.63478946685791,0.2912
1,31,5.225888252258301,0.27
1,32,4.958509922027588,0.2697
1,33,5.578812599182129,0.2752
1,34,5.350601673126221,0.2729
1,35,5.456324577331543,0.2898
1,36,5.217918395996094,0.2717
1,37,5.023393630981445,0.2753
1,38,5.405698299407959,0.2749
1,39,5.12632417678833,0.2678
1,40,5.098481178283691,0.2736
1,41,4.752956867218018,0.2711
1,42,4.6268110275268555,0.2754
1,43,5.081242561340332,0.273
1,44,5.48308801651001,0.2702
1,45,5.838322639465332,0.2835
1,46,5.086894989013672,0.3404
1,47,5.4529194831848145,0.2868
1,48,4.929967880249023,0.2987
1,49,4.987393856048584,0.3001
1,50,5.171599388122559,0.286
1,51,4.7436089515686035,0.2948
1,52,4.996799468994141,0.2803
1,53,4.666459560394287,0.2983
1,54,4.929807186126709,0.2937
1,55,5.761169910430908,0.2841
1,56,5.3730621337890625,0.2881
1,57,4.583200454711914,0.3443
1,58,4.5312347412109375,0.2847
1,59,4.770589828491211,0.3027
1,60,4.907752990722656,0.2959
1,61,4.740688800811768,0.2803
1,62,4.489259243011475,0.2779
1,63,4.454105377197266,0.2797
1,64,4.99102783203125,0.2783
1,65,4.789144515991211,0.2945
1,66,4.674103736877441,0.2821
1,67,4.967050075531006,0.2867
1,68,4.4652886390686035,0.3065
1,69,5.121096611022949,0.3003
1,70,4.752221584320068,0.2786
1,71,4.532464504241943,0.2839
1,72,4.638792037963867,0.2925
1,73,4.583833694458008,0.293
1,74,4.724298000335693,0.2988
1,75,5.076351642608643,0.2792
1,76,4.554643154144287,0.2821
1,77,4.800820827484131,0.2852
1,78,5.152796745300293,0.2911
1,79,4.8504228591918945,0.2941
1,80,4.45822811126709,0.2786
1,81,4.825829029083252,0.2871
1,82,4.383636474609375,0.2901
1,83,4.337165832519531,0.2906
1,84,4.48541784286499,0.2899
1,85,4.999778747558594,0.2853
1,86,4.5537800788879395,0.2869
1,87,4.3867998123168945,0.3501
1,88,4.786541938781738,0.3237
1,89,4.85793399810791,0.3271
1,90,4.817636013031006,0.312
1,91,4.773578643798828,0.2772
1,92,4.381015777587891,0.3765
1,93,4.085822582244873,0.3042
1,94,4.163120269775391,0.322
1,95,4.259261131286621,0.2845
1,96,4.378428936004639,0.2982
1,97,4.03217077255249,0.296
1,98,4.297889709472656,0.4157
1,99,4.805541515350342,0.3535
1,100,4.6001434326171875,0.4611
1,101,4.695428848266602,0.3246
1,102,4.590984344482422,0.33
1,103,4.6764960289001465,0.339
1,104,4.403085231781006,0.3074
1,105,4.512115478515625,0.3122
1,106,5.0147271156311035,0.3071
1,107,4.618568420410156,0.4049
1,108,3.98913836479187,0.31
1,109,4.587889671325684,0.3182
1,110,4.179065704345703,0.3097
1,111,4.5121283531188965,0.3182
1,112,4.1959452629089355,0.3433
1,113,4.411744594573975,0.3193
1,114,4.310665607452393,0.3142
1,115,4.268009185791016,0.3092
1,116,4.387243270874023,0.2936
1,117,4.325757026672363,0.4599
1,118,4.498897552490234,0.3252
1,119,4.24964714050293,0.2961
1,120,4.133638858795166,0.311
1,121,4.211055755615234,0.3129
1,122,4.049352645874023,0.3333
1,123,4.420012474060059,0.3415
1,124,4.458986759185791,0.3263
1,125,4.104031562805176,0.3131
1,126,3.8740925788879395,0.3196
1,127,4.191192626953125,0.3386
1,128,4.134549140930176,0.4562
1,129,3.8316826820373535,0.3173
1,130,3.875382423400879,0.3187
1,131,3.853713274002075,0.3107
1,132,3.971404552459717,0.3453
1,133,3.8854634761810303,0.3458
1,134,4.127116680145264,0.3304
1,135,3.7532877922058105,0.305
1,136,3.899428606033325,0.306
1,137,3.8519904613494873,0.4688
1,138,4.213554382324219,0.4683
1,139,3.7919158935546875,0.3248
1,140,3.813296318054199,0.3238
1,141,3.789480209350586,0.3781
1,142,3.9728925228118896,0.3241
1,143,3.7136173248291016,0.3059
1,144,3.8023674488067627,0.2932
1,145,3.923372745513916,0.2941
1,146,4.100187301635742,0.2898
1,147,3.83974289894104,0.3004
1,148,3.7988855838775635,0.3179
1,149,3.5155158042907715,0.29
1,150,3.8201208114624023,0.2813
1,151,3.72633695602417,0.2725
1,152,4.159037113189697,0.35
1,153,3.8711998462677,0.2918
1,154,3.71474552154541,0.2979
1,155,3.830260753631592,0.2865
1,156,3.638986349105835,0.2996
1,157,3.6594643592834473,0.3064
1,158,3.4905643463134766,0.3042
1,159,3.743462085723877,0.2888
1,160,3.5542001724243164,0.278
1,161,3.729072093963623,0.2849
1,162,3.7762060165405273,0.2999
1,163,3.628873348236084,0.2917
1,164,3.7504124641418457,0.3021
1,165,3.474947929382324,0.2853
1,166,3.7275311946868896,0.28
1,167,3.5441317558288574,0.31
1,168,3.584994077682495,0.3499
1,169,3.7639122009277344,0.3246
1,170,3.804757595062256,0.3119
1,171,3.556567430496216,0.2791
1,172,3.5843405723571777,0.2959
1,173,3.910156488418579,0.2907
1,174,3.7618746757507324,0.2764
1,175,3.8992714881896973,0.2978
1,176,3.73451828956604,0.2829
1,177,3.6064553260803223,0.2861
1,178,3.5055761337280273,0.3142
1,179,3.599999189376831,0.3125
1,180,3.509406805038452,0.3022
1,181,3.586399793624878,0.2777
1,182,3.5651695728302,0.296
1,183,3.5835518836975098,0.304
1,184,3.5863327980041504,0.3465
1,185,3.5791990756988525,0.2797
1,186,3.5679056644439697,0.3095
1,187,3.556478977203369,0.3146
1,188,3.6012685298919678,0.3301
1,189,3.5892233848571777,0.3752
1,190,3.6798582077026367,0.3651
1,191,3.7582156658172607,0.4095
1,192,3.548551559448242,0.3602
1,193,3.580641508102417,0.3528
1,194,3.733980417251587,0.3034
1,195,3.554297924041748,0.3286
1,196,3.788990020751953,0.4378
1,197,3.641716241836548,0.318
1,198,3.374786376953125,0.3199
1,199,3.633897066116333,0.3001
1,200,3.6927552223205566,0.3556
1,201,3.7560653686523438,0.3746
1,202,3.4852395057678223,0.3268
1,203,3.645212173461914,0.3446
1,204,3.5043275356292725,0.3016
1,205,3.666614055633545,0.3188
1,206,3.516235113143921,0.2996
1,207,3.507596969604492,0.3513
1,208,3.516068696975708,0.3514
1,209,3.5622894763946533,0.3295
1,210,3.679812431335449,0.3062
1,211,3.5973076820373535,0.3277
1,212,3.5795578956604004,0.359
1,213,3.5754995346069336,0.3586
1,214,3.6038079261779785,0.3127
1,215,3.4285836219787598,0.3131
1,216,3.5918407440185547,0.3208
1,217,3.753216028213501,0.3259
1,218,3.6113147735595703,0.2949
1,219,3.5280776023864746,0.2998
1,220,3.4331984519958496,0.2977
1,221,3.588609218597412,0.2904
1,222,3.550255537033081,0.3185
1,223,3.373725175857544,0.3088
1,224,3.635368585586548,0.3001
1,225,3.358046770095825,0.2942
1,226,3.457766532897949,0.28
1,227,3.546800136566162,0.2937
1,228,3.3152894973754883,0.3198
1,229,3.4412453174591064,0.3311
1,230,3.5397143363952637,0.2975
1,231,3.6205596923828125,0.2859
1,232,3.6061768531799316,0.3086
1,233,3.5089917182922363,0.31
1,234,3.472320079803467,0.3637
1,235,3.424229860305786,0.2927
1,236,3.4764933586120605,0.2876
1,237,3.6276447772979736,0.3021
1,238,3.76814866065979,0.3076
1,239,3.3212475776672363,0.3148
1,240,3.4743082523345947,0.2897
1,241,3.4472122192382812,0.296
1,242,3.6498758792877197,0.3001
1,243,3.5170652866363525,0.3247
1,244,3.7183644771575928,0.3151
1,245,3.5308706760406494,0.2897
1,246,3.5976052284240723,0.2936
1,247,3.68104887008667,0.3079
1,248,3.396965980529785,0.301
1,249,3.6954853534698486,0.3067
1,250,3.5349037647247314,0.2831
2,1,3.5339629650115967,0.2818
2,2,3.5161361694335938,0.2808
2,3,3.491084098815918,0.3234
2,4,3.3752641677856445,0.3085
2,5,3.402665853500366,0.2878
2,6,3.336453914642334,0.29
2,7,3.5619161128997803,0.3101
2,8,3.422286033630371,0.3138
2,9,3.6000733375549316,0.3117
2,10,3.4569058418273926,0.2947
2,11,3.588324546813965,0.2927
2,12,3.455967903137207,0.3016
2,13,3.4206223487854004,0.3294
2,14,3.538008689880371,0.3167
2,15,3.531677722930908,0.2973
2,16,3.5323164463043213,0.2899
2,17,3.6179380416870117,0.31
2,18,3.439842462539673,0.3477
2,19,3.4823238849639893,0.3272
2,20,3.3974921703338623,0.2898
2,21,3.442399263381958,0.2951
2,22,3.582925319671631,0.3127
2,23,3.4094932079315186,0.3054
2,24,3.4451560974121094,0.2964
2,25,3.369767665863037,0.3048
2,26,3.4098005294799805,0.2881
2,27,3.4075560569763184,0.2851
2,28,3.4598965644836426,0.3014
2,29,3.4499049186706543,0.3058
2,30,3.6206982135772705,0.299
2,31,3.4308905601501465,0.2956
2,32,3.349719524383545,0.3198
2,33,3.652467966079712,0.3067
2,34,3.571173906326294,0.2973
2,35,3.2337305545806885,0.3227
2,36,3.501224994659424,0.2927
2,37,3.581240177154541,0.2984
2,38,3.6430680751800537,0.3017
2,39,3.5497162342071533,0.3869
2,40,3.404261589050293,0.3293
2,41,3.4654717445373535,0.3231
2,42,3.2994437217712402,0.3445
2,43,3.3571581840515137,0.3502
2,44,3.438829183578491,0.3199
2,45,3.7084996700286865,0.3201
2,46,3.3483142852783203,0.3098
2,47,3.4789891242980957,0.3397
2,48,3.4364466667175293,0.3204
2,49,3.6186540126800537,0.3415
2,50,3.6191420555114746,0.3049
2,51,3.571056842803955,0.3132
2,52,3.449187755584717,0.3237
2,53,3.65488338470459,0.338
2,54,3.4542977809906006,0.3258
2,55,3.6353273391723633,0.3013
2,56,3.6308789253234863,0.3012
2,57,3.6269149780273438,0.3843
2,58,3.4937996864318848,0.324
2,59,3.3435263633728027,0.313
2,60,3.623858690261841,0.322
2,61,3.5506672859191895,0.3156
2,62,3.298187255859375,0.3341
2,63,3.6069371700286865,0.3313
2,64,3.432382345199585,0.3163
2,65,3.4799036979675293,0.3095
2,66,3.389705181121826,0.302
2,67,3.475147247314453,0.3185
2,68,3.448742628097534,0.3306
2,69,3.478234052658081,0.3333
2,70,3.565373420715332,0.3092
2,71,3.5584962368011475,0.3081
2,72,3.3405842781066895,0.3765
2,73,3.5756685733795166,0.3624
2,74,3.3431241512298584,0.3257
2,75,3.744337558746338,0.3047
2,76,3.3044843673706055,0.305
2,77,3.260385513305664,0.3415
2,78,3.4549741744995117,0.3134
2,79,3.2203032970428467,0.3302
2,80,3.5269105434417725,0.3098
2,81,3.4494705200195312,0.3082
2,82,3.496513605117798,0.3397
2,83,3.3271777629852295,0.3295
2,84,3.441774845123291,0.3202
2,85,3.522834539413452,0.3067
2,86,3.4181981086730957,0.3166
2,87,3.600341796875,0.3271
2,88,3.4841151237487793,0.3419
2,89,3.58189058303833,0.3197
2,90,3.3398630619049072,0.3233
2,91,3.5325684547424316,0.3035
2,92,3.484811782836914,0.3339
2,93,3.6824398040771484,0.3328
2,94,3.499577045440674,0.3903
2,95,3.4268345832824707,0.338
2,96,3.4454703330993652,0.3035
2,97,3.5404930114746094,0.3592
2,98,3.406885862350464,0.3546
2,99,3.46110463142395,0.3434
2,100,3.459596872329712,0.3491
2,101,3.5056803226470947,0.3183
2,102,3.5767805576324463,0.3539
2,103,3.4741268157958984,0.3507
2,104,3.4669251441955566,0.3326
2,105,3.3089027404785156,0.3232
2,106,3.5373806953430176,0.3092
2,107,3.5511043071746826,0.346
2,108,3.5151278972625732,0.3702
2,109,3.599536895751953,0.3363
2,110,3.5914855003356934,0.3198
2,111,3.369436264038086,0.3187
2,112,3.314642906188965,0.3459
2,113,3.555250406265259,0.3469
2,114,3.4748239517211914,0.3482
2,115,3.348034620285034,0.3184
2,116,3.4957408905029297,0.3036
2,117,3.565438985824585,0.3523
2,118,3.3614392280578613,0.352
2,119,3.189379930496216,0.3488
2,120,3.427584648132324,0.3326
2,121,3.3882360458374023,0.3226
2,122,3.4176933765411377,0.346
2,123,3.4111878871917725,0.3506
2,124,3.5624027252197266,0.3288
2,125,3.2481181621551514,0.3137
2,126,3.305799722671509,0.3278
2,127,3.4711852073669434,0.3473
2,128,3.4276082515716553,0.3494
2,129,3.4261722564697266,0.3424
2,130,3.4477829933166504,0.3197
2,131,3.5374414920806885,0.3091
2,132,3.5270071029663086,0.3715
2,133,3.4490966796875,0.3654
2,134,3.577253818511963,0.3215
2,135,3.4770708084106445,0.3341
2,136,3.349776029586792,0.3153
2,137,3.3700079917907715,0.3937
2,138,3.5210583209991455,0.3613
2,139,3.2781076431274414,0.3405
2,140,3.313319683074951,0.3173
2,141,3.3422913551330566,0.3197
2,142,3.5175414085388184,0.3455
2,143,3.6460912227630615,0.3583
2,144,3.586390972137451,0.3414
2,145,3.5795271396636963,0.3185
2,146,3.422415256500244,0.3239
2,147,3.32926082611084,0.3525
2,148,3.361654758453369,0.3631
2,149,3.4396891593933105,0.3187
2,150,3.585174560546875,0.3198
2,151,3.225797653198242,0.3284
2,152,3.3486838340759277,0.3601
2,153,3.3907129764556885,0.3575
2,154,3.4562830924987793,0.3276
2,155,3.4850308895111084,0.3245
2,156,3.5004162788391113,0.3242
2,157,3.639465808868408,0.3572
2,158,3.6395325660705566,0.4234
2,159,3.3003711700439453,0.33
2,160,3.372838020324707,0.3165
2,161,3.3496341705322266,0.316
2,162,3.6070709228515625,0.3531
2,163,3.6256518363952637,0.3543
2,164,3.408478260040283,0.3437
2,165,3.429110288619995,0.4396
2,166,3.3775086402893066,0.3307
2,167,3.392256259918213,0.4083
2,168,3.365386486053467,0.3148
2,169,3.5151190757751465,0.3382
2,170,3.4239182472229004,0.3131
2,171,3.4251351356506348,0.4462
2,172,3.3887484073638916,0.3292
2,173,3.347599506378174,0.328
2,174,3.4189906120300293,0.3156
2,175,3.568652868270874,0.3082
2,176,3.508755922317505,0.3185
2,177,3.3837623596191406,0.3357
2,178,3.8781204223632812,0.3307
2,179,3.4989795684814453,0.3325
2,180,3.6354856491088867,0.3039
2,181,3.0466649532318115,0.3209
2,182,3.561739683151245,0.3199
2,183,3.4223783016204834,0.3264
2,184,3.442194700241089,0.3282
2,185,3.363186836242676,0.3149
2,186,3.2166476249694824,0.323
2,187,3.2562689781188965,0.3188
2,188,3.3056883811950684,0.3348
2,189,3.114774703979492,0.3303
2,190,3.3491225242614746,0.3205
2,191,3.4036076068878174,0.315
2,192,3.438591480255127,0.3251
2,193,3.3479065895080566,0.3403
2,194,3.5034501552581787,0.3298
2,195,3.570958137512207,0.3065
2,196,3.4153480529785156,0.3192
2,197,3.3924248218536377,0.3389
2,198,3.35915207862854,0.3249
2,199,3.4415431022644043,0.3343
2,200,3.3819057941436768,0.361
2,201,3.5357398986816406,0.3116
2,202,3.3189759254455566,0.333
2,203,3.4652466773986816,0.3292
2,204,3.265509605407715,0.3243
2,205,3.5085484981536865,0.311
2,206,3.441368579864502,0.3141
2,207,3.480229616165161,0.3282
2,208,3.463972806930542,0.3801
2,209,3.574218273162842,0.3206
2,210,3.484281063079834,0.3125
2,211,3.4258084297180176,0.324
2,212,3.493577241897583,0.3255
2,213,3.4331984519958496,0.3273
2,214,3.4225754737854004,0.3273
2,215,3.4146361351013184,0.3204
2,216,3.38124942779541,0.3191
2,217,3.3074913024902344,0.322
2,218,3.5969252586364746,0.324
2,219,3.323152542114258,0.3313
2,220,3.384251594543457,0.3123
2,221,3.4474868774414062,0.3083
2,222,3.3722691535949707,0.3251
2,223,3.591379165649414,0.3348
2,224,3.2631099224090576,0.3215
2,225,3.436075448989868,0.3243
2,226,3.5956873893737793,0.3198
2,227,3.317375421524048,0.3323
2,228,3.43466854095459,0.3306
2,229,3.3128199577331543,0.3246
2,230,3.565335273742676,0.3202
2,231,3.26475191116333,0.3199
2,232,3.352381706237793,0.3313
2,233,3.3220221996307373,0.3337
2,234,3.5796470642089844,0.3361
2,235,3.3164894580841064,0.3089
2,236,3.436744451522827,0.3107
2,237,3.4651219844818115,0.3459
2,238,3.3452484607696533,0.3262
2,239,3.3272292613983154,0.3247
2,240,3.3105664253234863,0.3131
2,241,3.249678134918213,0.3557
2,242,3.2830018997192383,0.323
2,243,3.3974246978759766,0.333
2,244,3.3781111240386963,0.3194
2,245,3.332628011703491,0.3136
2,246,3.2135236263275146,0.3193
2,247,3.2109580039978027,0.3259
2,248,3.268065929412842,0.3462
2,249,3.51682710647583,0.3236
2,250,3.3824987411499023,0.3188
3,1,3.2527360916137695,0.3099
3,2,3.789888620376587,0.3282
3,3,3.289057970046997,0.34
3,4,3.465026378631592,0.3273
3,5,3.3240365982055664,0.3029
3,6,3.4879307746887207,0.3298
3,7,3.456275463104248,0.3318
3,8,3.5355474948883057,0.337
3,9,3.528736114501953,0.3178
3,10,3.433457851409912,0.315
3,11,3.448413372039795,0.3212
3,12,3.4641387462615967,0.3982
3,13,3.3729662895202637,0.3274
3,14,3.607802629470825,0.3313
3,15,3.3906030654907227,0.3157
3,16,3.219358444213867,0.3289
3,17,3.6583218574523926,0.3402
3,18,3.42893123626709,0.342
3,19,3.604480028152466,0.323
3,20,3.302011489868164,0.3157
3,21,3.2851667404174805,0.3234
3,22,3.360247850418091,0.326
3,23,3.4378085136413574,0.3399
3,24,3.527001142501831,0.3223
3,25,3.4070279598236084,0.3223
3,26,3.362149238586426,0.3164
3,27,3.3902597427368164,0.3292
3,28,3.338108539581299,0.332
3,29,3.5499095916748047,0.3216
3,30,3.514556646347046,0.3189
3,31,3.361962080001831,0.3503
3,32,3.1937036514282227,0.3344
3,33,3.256427049636841,0.3302
3,34,3.4170165061950684,0.3372
3,35,3.490954637527466,0.3192
3,36,3.4278111457824707,0.3136
3,37,3.3410043716430664,0.3305
3,38,3.3361010551452637,0.3221
3,39,3.10040020942688,0.4488
3,40,3.2913904190063477,0.3251
3,41,3.2430388927459717,0.314
3,42,3.4667248725891113,0.4311
3,43,3.4599568843841553,0.3649
3,44,3.422605037689209,0.287
3,45,3.359671115875244,0.3
3,46,3.2677018642425537,0.318
3,47,3.3649003505706787,0.3307
3,48,3.4210805892944336,0.29
3,49,3.5766043663024902,0.3057
3,50,3.2089412212371826,0.3199
3,51,3.4746649265289307,0.37
3,52,3.4476301670074463,0.4695
3,53,3.5472700595855713,0.3529
3,54,3.379326105117798,0.3387
3,55,3.479015588760376,0.327
3,56,3.3347079753875732,0.3231
3,57,3.4127087593078613,0.3569
3,58,3.1176412105560303,0.4068
3,59,3.3889291286468506,0.3457
3,60,3.3318238258361816,0.3278
3,61,3.302518844604492,0.3189
3,62,3.2298872470855713,0.3268
3,63,3.2404775619506836,0.3269
3,64,3.2597808837890625,0.3392
3,65,3.05087947845459,0.3228
3,66,3.334846019744873,0.313
3,67,3.386249542236328,0.333
3,68,3.3335483074188232,0.3859
3,69,3.3104987144470215,0.3154
3,70,3.2876806259155273,0.3212
3,71,3.362985849380493,0.3542
3,72,3.340794563293457,0.3383
3,73,3.2821033000946045,0.3232
3,74,3.2834625244140625,0.3338
3,75,3.4054112434387207,0.3116
3,76,3.537544012069702,0.3359
3,77,3.3282015323638916,0.3525
3,78,3.399968147277832,0.3222
3,79,3.3345985412597656,0.3217
3,80,3.4641802310943604,0.3243
3,81,3.4740381240844727,0.3068
3,82,3.496570587158203,0.332
3,83,3.4807851314544678,0.3455
3,84,3.3426356315612793,0.3786
3,85,3.5702643394470215,0.3339
3,86,3.1286420822143555,0.3229
3,87,3.342454195022583,0.3455
3,88,3.40396785736084,0.3428
3,89,3.5232150554656982,0.322
3,90,3.414978504180908,0.3232
3,91,3.510286808013916,0.3179
3,92,3.278667449951172,0.3306
3,93,3.3447070121765137,0.3294
3,94,3.5515048503875732,0.3404
3,95,3.3776707649230957,0.3616
3,96,3.4572672843933105,0.328
3,97,3.3812143802642822,0.3467
3,98,3.3216657638549805,0.3369
3,99,3.263517379760742,0.3462
3,100,3.2520971298217773,0.3141
3,101,3.125854730606079,0.3069
3,102,3.31415057182312,0.3367
3,103,3.211193561553955,0.338
3,104,3.6063804626464844,0.335
3,105,3.504094123840332,0.3216
3,106,3.492600917816162,0.3082
3,107,3.3408637046813965,0.3428
3,108,3.3169901371002197,0.3385
3,109,3.5857934951782227,0.3418
3,110,3.5054562091827393,0.4829
3,111,3.65000057220459,0.4335
3,112,3.5156025886535645,0.3285
3,113,3.24875807762146,0.3593
3,114,3.3458876609802246,0.3185
3,115,3.474423408508301,0.3215
3,116,3.4163994789123535,0.3496
3,117,3.4707298278808594,0.3242
3,118,3.3037221431732178,0.3363
3,119,3.347541093826294,0.321
3,120,3.2886300086975098,0.3249
3,121,3.2998123168945312,0.3081
3,122,3.3998827934265137,0.3402
3,123,3.220931053161621,0.3293
3,124,3.3935251235961914,0.3385
3,125,3.1534478664398193,0.3113
3,126,3.3653690814971924,0.3197
3,127,3.5736083984375,0.3264
3,128,3.417039394378662,0.3425
3,129,3.307516098022461,0.334
3,130,3.1462326049804688,0.3172
3,131,3.5207011699676514,0.3221
3,132,3.2959139347076416,0.3339
3,133,3.4714772701263428,0.3265
3,134,3.4375131130218506,0.3316
3,135,3.1879634857177734,0.318
3,136,3.2538249492645264,0.3048
3,137,3.3876171112060547,0.3411
3,138,3.2793049812316895,0.3351
3,139,3.4134716987609863,0.3413
3,140,3.1488382816314697,0.3148
3,141,3.394007921218872,0.314
3,142,3.3795740604400635,0.3302
3,143,3.2784037590026855,0.3462
3,144,3.350377082824707,0.3302
3,145,3.328097343444824,0.3093
3,146,3.2671759128570557,0.311
3,147,3.3879194259643555,0.3359
3,148,3.223057270050049,0.3318
3,149,3.425581455230713,0.3357
3,150,3.5830166339874268,0.3184
3,151,3.272130250930786,0.304
3,152,3.358898162841797,0.3268
3,153,3.17360782623291,0.3496
3,154,3.3117973804473877,0.33
3,155,3.238852024078369,0.3217
3,156,3.0789265632629395,0.3385
3,157,3.4016072750091553,0.3442
3,158,3.360963821411133,0.3349
3,159,3.430670738220215,0.3228
3,160,3.3780977725982666,0.3145
3,161,3.5100860595703125,0.3114
3,162,3.2503974437713623,0.3376
3,163,3.3408286571502686,0.3378
3,164,3.2515838146209717,0.322
3,165,3.6252167224884033,0.3146
3,166,3.3253324031829834,0.3207
3,167,3.3960533142089844,0.3464
3,168,3.5269582271575928,0.3437
3,169,3.417374610900879,0.3342
3,170,3.3001041412353516,0.3164
3,171,3.298097610473633,0.33
3,172,3.2780039310455322,0.3298
3,173,3.449937105178833,0.3357
3,174,3.4723379611968994,0.3229
3,175,3.537008285522461,0.3214
3,176,3.3928916454315186,0.3571
3,177,3.4152626991271973,0.3348
3,178,3.232875108718872,0.3281
3,179,3.1865806579589844,0.3323
3,180,3.494596242904663,0.3162
3,181,3.128962278366089,0.3184
3,182,3.2315192222595215,0.3446
3,183,3.438544273376465,0.3369
3,184,3.338621139526367,0.3402
3,185,3.278106689453125,0.3166
3,186,3.3884053230285645,0.3228
3,187,3.386640787124634,0.3353
3,188,3.5928866863250732,0.3356
3,189,3.4764609336853027,0.3289
3,190,3.4802865982055664,0.3183
3,191,3.311373233795166,0.3049
3,192,3.441563129425049,0.3337
3,193,3.2800960540771484,0.3335
3,194,3.442984104156494,0.3234
3,195,3.334078311920166,0.3388
3,196,3.1738123893737793,0.3136
3,197,3.2462704181671143,0.3704
3,198,3.2996392250061035,0.3292
3,199,3.463275671005249,0.3307
3,200,3.016608715057373,0.3159
3,201,3.1272764205932617,0.3119
3,202,3.42853045463562,0.3302
3,203,3.4100728034973145,0.327
3,204,3.2672572135925293,0.338
3,205,3.3334243297576904,0.3199
3,206,3.3458166122436523,0.316
3,207,3.4501755237579346,0.3398
3,208,3.4177298545837402,0.3449
3,209,3.2761337757110596,0.3349
3,210,3.1957788467407227,0.325
3,211,3.4589428901672363,0.3111
3,212,3.490443706512451,0.3348
3,213,3.4674973487854004,0.3363
3,214,3.4293124675750732,0.338
3,215,3.3054378032684326,0.3188
3,216,3.388979911804199,0.3198
3,217,3.3452558517456055,0.3883
3,218,3.2011187076568604,0.3345
3,219,3.35307240486145,0.3197
3,220,3.057532548904419,0.3252
3,221,3.3546855449676514,0.3188
3,222,3.1982216835021973,0.3297
3,223,3.3387067317962646,0.3365
3,224,3.3818440437316895,0.3253
3,225,3.126569986343384,0.3104
3,226,3.394510269165039,0.3138
3,227,3.457094669342041,0.3403
3,228,3.2962095737457275,0.3293
3,229,3.3492801189422607,0.3372
3,230,3.2666544914245605,0.314
3,231,3.2945990562438965,0.318
3,232,3.268589496612549,0.3651
3,233,3.2617645263671875,0.3222
3,234,3.381788730621338,0.3325
3,235,3.457439422607422,0.3149
3,236,3.2164011001586914,0.3233
3,237,3.5733304023742676,0.3378
3,238,3.3417632579803467,0.3368
3,239,3.438577175140381,0.361
3,240,3.4108471870422363,0.317
3,241,3.4074301719665527,0.3314
3,242,3.3864288330078125,0.3338
3,243,3.410073757171631,0.3339
3,244,3.330320358276367,0.3317
3,245,3.2114381790161133,0.3209
3,246,3.332563877105713,0.3321
3,247,3.300936698913574,0.3336
3,248,3.257859945297241,0.3299
3,249,3.6237549781799316,0.3395
3,250,3.3518266677856445,0.3201
4,1,3.442995548248291,0.3084
4,2,3.317941188812256,0.324
4,3,3.1775543689727783,0.3262
4,4,3.3262076377868652,0.3337
4,5,3.5187530517578125,0.3188
4,6,3.3413033485412598,0.3192
4,7,3.232666254043579,0.3348
4,8,3.3993968963623047,0.3366
4,9,3.355201244354248,0.3802
4,10,3.4587221145629883,0.3092
4,11,3.2737646102905273,0.316
4,12,3.2919507026672363,0.3364
4,13,3.2643442153930664,0.3505
4,14,3.2657270431518555,0.3354
4,15,3.2958288192749023,0.3155
4,16,3.3472611904144287,0.3052
4,17,3.045907497406006,0.3314
4,18,3.4267539978027344,0.3374
4,19,3.1791486740112305,0.3219
4,20,3.361362934112549,0.3198
4,21,3.382115364074707,0.3252
4,22,3.291809558868408,0.3273
4,23,3.183535575866699,0.3329
4,24,3.325859308242798,0.3429
4,25,3.150280714035034,0.3151
4,26,3.332674264907837,0.3098
4,27,3.3727025985717773,0.3765
4,28,3.360922336578369,0.3331
4,29,3.31581711769104,0.3434
4,30,3.4876298904418945,0.3134
4,31,3.426995277404785,0.3184
4,32,3.4447154998779297,0.3392
4,33,3.306525707244873,0.334
4,34,3.2788944244384766,0.3264
4,35,3.148397445678711,0.3169
4,36,3.352051019668579,0.3103
4,37,3.4198453426361084,0.3334
4,38,3.3927431106567383,0.3451
4,39,3.2388851642608643,0.3326
4,40,3.4555201530456543,0.3144
4,41,3.3508505821228027,0.3099
4,42,3.315108299255371,0.3348
4,43,3.3889970779418945,0.3335
4,44,3.356060743331909,0.3308
4,45,3.3820385932922363,0.3098
4,46,3.3376970291137695,0.3141
4,47,3.117506980895996,0.3894
4,48,3.3133938312530518,0.3237
4,49,3.3432869911193848,0.3289
4,50,3.43550968170166,0.3196
4,51,3.4288275241851807,0.311
4,52,3.2338333129882812,0.3444
4,53,3.2970800399780273,0.3367
4,54,3.3448169231414795,0.3486
4,55,3.3361153602600098,0.3101
4,56,3.2289628982543945,0.3169
4,57,3.1680426597595215,0.3359
4,58,3.4313032627105713,0.3321
4,59,3.3567795753479004,0.3458
4,60,3.3014729022979736,0.3077
4,61,3.1024959087371826,0.3179
4,62,3.049146890640259,0.3312
4,63,3.32643985748291,0.3848
4,64,3.2953553199768066,0.3253
4,65,3.149807929992676,0.3154
4,66,3.23644757270813,0.3125
4,67,3.1577224731445312,0.3255
4,68,3.404844284057617,0.3279
4,69,3.5649514198303223,0.3332
4,70,3.3024587631225586,0.3167
4,71,3.287400007247925,0.3184
4,72,3.3090715408325195,0.3391
4,73,3.1859827041625977,0.3295
4,74,3.5097954273223877,0.3361
4,75,3.4715723991394043,0.3219
4,76,3.398439407348633,0.3192
4,77,3.134500503540039,0.3304
4,78,3.0921010971069336,0.3309
4,79,3.383669376373291,0.3198
4,80,3.430619716644287,0.3239
4,81,3.1697046756744385,0.3251
4,82,3.4003539085388184,0.3401
4,83,3.2496631145477295,0.3659
4,84,3.3967649936676025,0.3234
4,85,3.344970226287842,0.3202
4,86,3.2195825576782227,0.3097
4,87,3.2926197052001953,0.3365
4,88,3.324941635131836,0.3221
4,89,3.1582510471343994,0.3367
4,90,3.2250685691833496,0.3207
4,91,3.4724185466766357,0.3252
4,92,3.1925292015075684,0.3398
4,93,3.0832700729370117,0.3376
4,94,3.2516655921936035,0.3204
4,95,3.3358705043792725,0.3111
4,96,3.2523417472839355,0.3196
4,97,3.5518174171447754,0.3419
4,98,3.266741991043091,0.3281
4,99,3.2013602256774902,0.3331
4,100,3.3057808876037598,0.3292
4,101,3.3150744438171387,0.3095
4,102,3.2618613243103027,0.3423
4,103,3.3906400203704834,0.3992
4,104,3.4073307514190674,0.3187
4,105,3.300783157348633,0.3118
4,106,3.3681983947753906,0.316
4,107,3.2561209201812744,0.3318
4,108,3.299095630645752,0.3258
4,109,3.3436989784240723,0.3431
4,110,3.374831438064575,0.3291
4,111,3.330627679824829,0.3202
4,112,3.1095104217529297,0.3347
4,113,3.246825933456421,0.3207
4,114,3.226367950439453,0.3374
4,115,3.295372724533081,0.3136
4,116,3.3056962490081787,0.3299
4,117,3.2989697456359863,0.3956
4,118,3.2985785007476807,0.3895
4,119,3.3206286430358887,0.3226
4,120,3.342867374420166,0.3185
4,121,3.6341443061828613,0.3129
4,122,3.3906145095825195,0.3427
4,123,3.2759971618652344,0.3272
4,124,3.2910351753234863,0.3384
4,125,3.2229421138763428,0.319
4,126,3.250556468963623,0.3261
4,127,3.3092358112335205,0.3332
4,128,3.507807731628418,0.336
4,129,3.2422547340393066,0.3357
4,130,3.475830554962158,0.311
4,131,3.575960636138916,0.31
4,132,3.177710771560669,0.3272
4,133,3.2470154762268066,0.3539
4,134,3.3115336894989014,0.322
4,135,3.4942355155944824,0.3227
4,136,3.372957706451416,0.3251
4,137,3.3572795391082764,0.3422
4,138,3.300947904586792,0.335
4,139,3.302901029586792,0.3272
4,140,3.3743417263031006,0.3191
4,141,3.2350575923919678,0.3232
4,142,3.406463146209717,0.3336
4,143,3.447384834289551,0.3252
4,144,3.156132698059082,0.3372
4,145,3.264486789703369,0.3155
4,146,3.410034418106079,0.3126
4,147,3.1955208778381348,0.3341
4,148,3.2515504360198975,0.3329
4,149,3.195891857147217,0.3562
4,150,3.216175079345703,0.3118
4,151,3.283386707305908,0.3115
4,152,3.258965015411377,0.3339
4,153,3.4913718700408936,0.3269
4,154,3.253756046295166,0.3396
4,155,3.251293897628784,0.3151
4,156,3.231940269470215,0.3166
4,157,3.2197391986846924,0.3367
4,158,3.2719550132751465,0.325
4,159,3.237499713897705,0.3244
4,160,3.2305705547332764,0.3257
4,161,3.227450370788574,0.3084
4,162,3.362492084503174,0.3378
4,163,3.079625368118286,0.34
4,164,3.1493005752563477,0.3424
4,165,3.283993721008301,0.3238
4,166,3.537231683731079,0.3112
4,167,3.1457982063293457,0.3302
4,168,3.502349853515625,0.3403
4,169,3.32967472076416,0.3395
4,170,3.294501304626465,0.3215
4,171,3.375661611557007,0.3172
4,172,3.3109889030456543,0.3338
4,173,3.2465946674346924,0.3352
4,174,3.4641993045806885,0.3368
4,175,3.3811676502227783,0.3225
4,176,3.336155891418457,0.3098
4,177,3.0451009273529053,0.335
4,178,3.2683098316192627,0.3437
4,179,3.434760093688965,0.3248
4,180,3.3244662284851074,0.3154
4,181,3.304786443710327,0.3116
4,182,3.2012343406677246,0.3324
4,183,3.145623207092285,0.3283
4,184,3.2387237548828125,0.3288
4,185,3.2554454803466797,0.3069
4,186,3.06485915184021,0.3145
4,187,3.260469436645508,0.3388
4,188,3.2364673614501953,0.3326
4,189,3.313936710357666,0.3354
4,190,3.123669147491455,0.3576
4,191,3.2631113529205322,0.3388
4,192,3.2224788665771484,0.3391
4,193,3.3235526084899902,0.3245
4,194,3.287508487701416,0.3382
4,195,3.2542715072631836,0.3141
4,196,3.3255412578582764,0.3143
4,197,3.4623634815216064,0.3366
4,198,3.162761688232422,0.338
4,199,3.1731724739074707,0.3308
4,200,3.164585590362549,0.3262
4,201,3.395998001098633,0.319
4,202,3.316646099090576,0.3439
4,203,3.292076826095581,0.3337
4,204,3.193056583404541,0.3326
4,205,3.2287776470184326,0.3165
4,206,3.4095664024353027,0.3227
4,207,3.2754361629486084,0.3715
4,208,3.3155581951141357,0.3422
4,209,3.421335458755493,0.5176
4,210,3.3928658962249756,0.335
4,211,3.563382863998413,0.4101
4,212,3.2738704681396484,0.3775
4,213,3.032176971435547,0.3287
4,214,3.1701531410217285,0.4582
4,215,3.273606061935425,0.3258
4,216,3.487516403198242,0.4586
4,217,3.4373130798339844,0.3402
4,218,3.2120137214660645,0.3074
4,219,3.312908172607422,0.4311
4,220,3.261054515838623,0.3676
4,221,3.2728524208068848,0.3865
4,222,3.3930282592773438,0.4445
4,223,3.4562227725982666,0.4669
4,224,3.559952735900879,0.3808
4,225,3.429906129837036,0.4515
4,226,3.291125535964966,0.3953
4,227,3.154599666595459,0.4024
4,228,3.1284430027008057,0.3713
4,229,3.2467474937438965,0.3602
4,230,3.189093828201294,0.5143
4,231,3.2041149139404297,0.4282
4,232,3.182579278945923,0.3733
4,233,3.1823360919952393,0.3487
4,234,3.1743669509887695,0.3249
4,235,3.3506762981414795,0.3302
4,236,3.458507537841797,0.4441
4,237,3.2820305824279785,0.4719
4,238,3.336696147918701,0.3268
4,239,3.224761962890625,0.3127
4,240,3.27639102935791,0.3332
4,241,3.3365204334259033,0.3301
4,242,3.2434394359588623,0.3394
4,243,3.1207752227783203,0.3338
4,244,3.262551784515381,0.3296
4,245,3.365893840789795,0.3204
4,246,3.461839199066162,0.3597
4,247,3.319342613220215,0.3345
4,248,3.3390114307403564,0.343
4,249,3.2399308681488037,0.3223
4,250,3.179229736328125,0.3846
5,1,3.2188942432403564,0.3018
5,2,3.1325087547302246,0.3308
5,3,3.528036117553711,0.3421
5,4,3.1854774951934814,0.34
5,5,3.2189745903015137,0.3178
5,6,3.316221237182617,0.3247
5,7,3.3864846229553223,0.3328
5,8,3.1500065326690674,0.3299
5,9,3.2189834117889404,0.3315
5,10,3.3111281394958496,0.342
5,11,3.29367995262146,0.3147
5,12,3.3608813285827637,0.331
5,13,3.292384624481201,0.3246
5,14,3.4826812744140625,0.3419
5,15,3.3206281661987305,0.3183
5,16,3.4688286781311035,0.308
5,17,3.4252607822418213,0.332
5,18,3.27423095703125,0.3334
5,19,3.018767833709717,0.3394
5,20,3.224808931350708,0.319
5,21,3.291752338409424,0.3374
5,22,3.1900036334991455,0.3388
5,23,3.314617872238159,0.3602
5,24,3.3714327812194824,0.3313
5,25,3.327235698699951,0.325
5,26,3.4517226219177246,0.3275
5,27,3.2185096740722656,0.3329
5,28,2.9325435161590576,0.34
5,29,3.2105300426483154,0.3228
5,30,3.076352596282959,0.316
5,31,3.0942511558532715,0.3319
5,32,3.406733989715576,0.3318
5,33,3.2824909687042236,0.3348
5,34,3.2493467330932617,0.3378
5,35,3.429490327835083,0.3201
5,36,3.229978322982788,0.3196
5,37,3.311352491378784,0.3327
5,38,3.3325793743133545,0.338
5,39,3.2103404998779297,0.3208
5,40,3.530937433242798,0.3255
5,41,3.3352622985839844,0.3147
5,42,3.1471400260925293,0.353
5,43,3.1955904960632324,0.3361
5,44,3.3158514499664307,0.326
5,45,3.254913091659546,0.3161
5,46,3.4230308532714844,0.3222
5,47,3.3328752517700195,0.356
5,48,3.41632342338562,0.3467
5,49,3.2631001472473145,0.3242
5,50,3.254807233810425,0.32
5,51,3.423166513442993,0.3189
5,52,3.343154191970825,0.3363
5,53,3.2985715866088867,0.3479
5,54,3.261429786682129,0.332
5,55,3.21690034866333,0.318
5,56,3.1139004230499268,0.3283
5,57,3.4178295135498047,0.3849
5,58,3.516411781311035,0.3491
5,59,3.3285622596740723,0.3157
5,60,3.398603916168213,0.3179
5,61,3.387631893157959,0.3193
5,62,3.3122081756591797,0.3347
5,63,3.370455741882324,0.3401
5,64,3.284538984298706,0.3409
5,65,3.3127925395965576,0.3344
5,66,3.322918653488159,0.3216
5,67,3.1620736122131348,0.3402
5,68,3.2556209564208984,0.329
5,69,3.439345598220825,0.3287
5,70,3.2567451000213623,0.3156
5,71,3.369028091430664,0.3174
5,72,3.1876044273376465,0.347
5,73,3.1551620960235596,0.3382
5,74,3.317535400390625,0.3268
5,75,3.5297698974609375,0.3628
5,76,3.1862058639526367,0.3125
5,77,3.32859468460083,0.3273
5,78,3.2022857666015625,0.3398
5,79,3.3443329334259033,0.3396
5,80,3.205296516418457,0.3168
5,81,3.35420560836792,0.3266
5,82,3.2541275024414062,0.3312
5,83,3.2350401878356934,0.3335
5,84,3.156083822250366,0.3305
5,85,3.071053981781006,0.3134
5,86,3.3352420330047607,0.3245
5,87,3.2879903316497803,0.3695
5,88,3.394402503967285,0.3287
5,89,3.251044750213623,0.323
5,90,3.234405994415283,0.3128
5,91,3.234506130218506,0.3276
5,92,3.4013924598693848,0.35
5,93,3.2182350158691406,0.3347
5,94,3.1806578636169434,0.3351
5,95,3.4097132682800293,0.3555
5,96,3.2579336166381836,0.3264
5,97,3.2046589851379395,0.341
5,98,3.271719217300415,0.3305
5,99,3.140395164489746,0.3335
5,100,3.312918186187744,0.3233
5,101,3.167571783065796,0.3183
5,102,3.443279266357422,0.3435
5,103,3.308152198791504,0.3448
5,104,3.3050882816314697,0.3283
5,105,3.399296283721924,0.3143
5,106,3.4169769287109375,0.3207
5,107,3.151895523071289,0.3347
5,108,3.3691186904907227,0.3443
5,109,3.0939626693725586,0.3759
5,110,3.193368911743164,0.3129
5,111,3.379041910171509,0.325
5,112,3.4273505210876465,0.3358
5,113,3.4672915935516357,0.3432
5,114,3.1691694259643555,0.3332
5,115,3.378154754638672,0.316
5,116,3.2285451889038086,0.3085
5,117,3.038964033126831,0.3432
5,118,3.245694637298584,0.3316
5,119,3.2712574005126953,0.339
5,120,3.3574743270874023,0.3141
5,121,3.2210919857025146,0.3148
5,122,3.196434736251831,0.3347
5,123,3.204646110534668,0.3456
5,124,3.2210752964019775,0.3202
5,125,3.431028127670288,0.3213
5,126,3.334841251373291,0.3232
5,127,3.4802088737487793,0.3407
5,128,3.234562873840332,0.3343
5,129,3.079477548599243,0.3619
5,130,3.1266438961029053,0.3155
5,131,3.1084179878234863,0.3149
5,132,3.0823607444763184,0.338
5,133,2.9492740631103516,0.3443
5,134,3.2971091270446777,0.3399
5,135,3.3860790729522705,0.3119
5,136,3.3411312103271484,0.32
5,137,3.349914789199829,0.3367
5,138,3.181588649749756,0.3374
5,139,3.1536567211151123,0.3291
5,140,3.0497100353240967,0.3155
5,141,3.2997968196868896,0.3175
5,142,3.3030545711517334,0.3491
5,143,3.1725754737854004,0.3398
5,144,3.2751474380493164,0.3348
5,145,3.1933469772338867,0.3269
5,146,3.094372272491455,0.3089
5,147,3.205057382583618,0.3352
5,148,3.2243025302886963,0.3399
5,149,3.2870988845825195,0.3372
5,150,3.2856013774871826,0.3404
5,151,3.2866930961608887,0.3201
5,152,3.4023008346557617,0.3635
5,153,2.9206061363220215,0.3381
5,154,3.2924838066101074,0.3224
5,155,3.2467010021209717,0.3192
5,156,3.3221747875213623,0.3249
5,157,3.19387149810791,0.3432
5,158,3.2752084732055664,0.3301
5,159,3.1590473651885986,0.3334
5,160,2.9700613021850586,0.3264
5,161,3.2795348167419434,0.3167
5,162,3.31038236618042,0.324
5,163,3.058122396469116,0.3396
5,164,3.129251480102539,0.3397
5,165,3.1735050678253174,0.3197
5,166,3.325296640396118,0.3143
5,167,3.0137076377868652,0.3313
5,168,3.1390347480773926,0.3449
5,169,3.260941505432129,0.3381
5,170,3.418663740158081,0.3346
5,171,3.4702277183532715,0.3158
5,172,3.113434314727783,0.3433
5,173,3.3868699073791504,0.3414
5,174,3.1220591068267822,0.3283
5,175,3.192708969116211,0.32
5,176,3.180276870727539,0.3134
5,177,3.2440414428710938,0.3351
5,178,3.068032741546631,0.3323
5,179,3.3607184886932373,0.3247
5,180,3.1465797424316406,0.3161
5,181,3.411163091659546,0.3262
5,182,3.239593744277954,0.3426
5,183,3.2601237297058105,0.3291
5,184,3.1906330585479736,0.3229
5,185,3.3504021167755127,0.3265
5,186,3.0975704193115234,0.3289
5,187,3.494900703430176,0.3359
5,188,3.320636749267578,0.3274
5,189,3.2092812061309814,0.3283
5,190,3.3859896659851074,0.3579
5,191,3.3918368816375732,0.32
5,192,3.19020938873291,0.3385
5,193,3.1467442512512207,0.3361
5,194,3.2882347106933594,0.3323
5,195,3.0244553089141846,0.3282
5,196,3.3983232975006104,0.3191
5,197,3.3123526573181152,0.3461
5,198,3.23938250541687,0.3329
5,199,3.1552085876464844,0.3217
5,200,3.198927402496338,0.3202
5,201,3.314356565475464,0.3206
5,202,3.412700653076172,0.3418
5,203,3.174492359161377,0.3466
5,204,3.3724570274353027,0.334
5,205,3.0689949989318848,0.3118
5,206,3.1749250888824463,0.333
5,207,3.3160433769226074,0.3397
5,208,3.3848519325256348,0.3147
5,209,3.324784994125366,0.332
5,210,3.242382049560547,0.3274
5,211,3.073216438293457,0.3171
5,212,3.1270060539245605,0.3422
5,213,3.261409044265747,0.3311
5,214,3.326242208480835,0.3431
5,215,3.300276756286621,0.3179
5,216,3.139085292816162,0.32
5,217,3.2303519248962402,0.343
5,218,3.3742361068725586,0.3322
5,219,3.1347994804382324,0.3308
5,220,3.282017707824707,0.3123
5,221,3.1558549404144287,0.3215
5,222,3.0819108486175537,0.3418
5,223,3.3454511165618896,0.3444
5,224,3.1971275806427,0.34
5,225,3.5832018852233887,0.324
5,226,3.204925537109375,0.3198
5,227,3.336693048477173,0.3732
5,228,3.4147191047668457,0.3317
5,229,3.0365304946899414,0.3241
5,230,3.261753559112549,0.3182
5,231,3.3793928623199463,0.3203
5,232,3.2799980640411377,0.3389
5,233,3.208705425262451,0.3286
5,234,3.3945465087890625,0.3307
5,235,3.217902660369873,0.3298
5,236,3.2035207748413086,0.3325
5,237,3.1038613319396973,0.347
5,238,3.1667323112487793,0.3354
5,239,3.0356764793395996,0.3472
5,240,3.4323463439941406,0.3169
5,241,3.2667458057403564,0.3278
5,242,3.42215895652771,0.3307
5,243,3.5021135807037354,0.3374
5,244,3.390761375427246,0.3274
5,245,3.3267769813537598,0.3163
5,246,3.3823201656341553,0.3158
5,247,3.302816152572632,0.3441
5,248,3.2139358520507812,0.3307
5,249,3.2592196464538574,0.3355
5,250,3.0591678619384766,0.3332
6,1,3.1970601081848145,0.3171
6,2,3.134922504425049,0.5025
6,3,3.250434398651123,0.3777
6,4,3.094273567199707,0.4151
6,5,3.229001998901367,0.3053
6,6,3.157421588897705,0.2959
6,7,3.1526331901550293,0.3102
6,8,3.1609697341918945,0.303
6,9,3.2762975692749023,0.3804
6,10,3.2107348442077637,0.3454
6,11,3.3442435264587402,0.3369
6,12,3.0722622871398926,0.3333
6,13,3.389163017272949,0.32
6,14,3.3517682552337646,0.3079
6,15,3.2120752334594727,0.3128
6,16,3.502469301223755,0.3145
6,17,3.2810182571411133,0.3182
6,18,3.289276599884033,0.3126
6,19,3.276113986968994,0.3182
6,20,3.0181455612182617,0.3213
6,21,3.1985063552856445,0.3102
6,22,3.302459478378296,0.3179
6,23,3.1469366550445557,0.3092
6,24,3.2434792518615723,0.3083
6,25,3.170910358428955,0.3145
6,26,3.0627810955047607,0.3163
6,27,3.327627182006836,0.3193
6,28,3.314082384109497,0.311
6,29,3.266458749771118,0.3385
6,30,3.296975612640381,0.3097
6,31,3.07003116607666,0.3234
6,32,3.3330249786376953,0.313
6,33,3.2071595191955566,0.3208
6,34,3.1862380504608154,0.3135
6,35,3.1069958209991455,0.3083
6,36,3.068451404571533,0.3049
6,37,3.3437962532043457,0.3218
6,38,3.3700921535491943,0.3128
6,39,2.990485429763794,0.3199
6,40,3.203523635864258,0.324
6,41,3.182431697845459,0.3191
6,42,3.008657932281494,0.3099
6,43,3.134960651397705,0.3182
6,44,3.1365931034088135,0.3121
6,45,3.153407096862793,0.3083
6,46,3.0885589122772217,0.3175
6,47,3.453956127166748,0.3039
6,48,3.1964659690856934,0.3111
6,49,3.3740158081054688,0.3084
6,50,3.2610230445861816,0.3199
6,51,3.226299285888672,0.3075
6,52,3.34824538230896,0.3208
6,53,3.2361364364624023,0.3102
6,54,3.3488919734954834,0.3048
6,55,3.2511215209960938,0.3204
6,56,3.2817745208740234,0.3267
6,57,3.266650438308716,0.3219
6,58,3.216993570327759,0.3034
6,59,3.164165496826172,0.3119
6,60,3.444251537322998,0.3104
6,61,3.1846327781677246,0.336
6,62,3.1008944511413574,0.3409
6,63,3.1611557006835938,0.3148
6,64,3.3113460540771484,0.3135
6,65,3.2425408363342285,0.32
6,66,3.0755391120910645,0.319
6,67,3.2674617767333984,0.3145
6,68,3.3928685188293457,0.3144
6,69,3.4048140048980713,0.3205
6,70,3.5278897285461426,0.3102
6,71,3.411388635635376,0.3153
6,72,3.1860387325286865,0.317
6,73,3.3341903686523438,0.3055
6,74,3.074517011642456,0.3316
6,75,3.093059539794922,0.3101
6,76,3.2277045249938965,0.3087
6,77,3.2132675647735596,0.3098
6,78,3.12978458404541,0.3215
6,79,3.2854888439178467,0.3115
6,80,3.257567882537842,0.3162
6,81,3.2624073028564453,0.3062
6,82,3.158252000808716,0.3093
6,83,3.2283103466033936,0.3026
6,84,3.17220401763916,0.3107
6,85,3.3235156536102295,0.3037
6,86,3.3075923919677734,0.308
6,87,3.2247707843780518,0.3167
6,88,3.225904703140259,0.336
6,89,3.034081220626831,0.3068
6,90,3.385423421859741,0.3051
6,91,3.3384804725646973,0.3112
6,92,3.293503522872925,0.3116
6,93,3.0817384719848633,0.3126
6,94,3.404782295227051,0.3077
6,95,3.287888526916504,0.3153
6,96,2.930419921875,0.3135
6,97,3.2292113304138184,0.3083
6,98,3.4256839752197266,0.3243
6,99,3.27658748626709,0.3101
6,100,3.332969903945923,0.3116
6,101,3.424973726272583,0.3191
6,102,3.238677978515625,0.313
6,103,2.958578586578369,0.3152
6,104,3.348449468612671,0.312
6,105,3.1770968437194824,0.3105
6,106,3.498673915863037,0.3107
6,107,3.2670700550079346,0.3733
6,108,3.2429709434509277,0.3206
6,109,3.1402554512023926,0.3231
6,110,3.3245668411254883,0.3167
6,111,3.280237913131714,0.3137
6,112,3.237640857696533,0.3432
6,113,3.297114133834839,0.3158
6,114,3.125439167022705,0.3111
6,115,3.2831459045410156,0.3121
6,116,3.345931053161621,0.3102
6,117,3.182563543319702,0.3096
6,118,3.18180513381958,0.3037
6,119,3.2830543518066406,0.3104
6,120,3.2630512714385986,0.317
6,121,3.2776010036468506,0.3155
6,122,3.1023499965667725,0.3117
6,123,3.0686826705932617,0.3104
6,124,3.35880184173584,0.3242
6,125,3.105994701385498,0.3047
6,126,3.1853830814361572,0.3079
6,127,3.112208843231201,0.3239
6,128,3.2612931728363037,0.3219
6,129,3.2165699005126953,0.3234
6,130,3.148979663848877,0.3184
6,131,3.305479049682617,0.3059
6,132,3.1857922077178955,0.3235
6,133,3.310227632522583,0.3124
6,134,3.378477096557617,0.3128
6,135,3.3002920150756836,0.3097
6,136,3.3613662719726562,0.3148
6,137,3.4592583179473877,0.3057
6,138,3.1705710887908936,0.319
6,139,3.351238250732422,0.3122
6,140,3.3007712364196777,0.3164
6,141,3.297630548477173,0.3129
6,142,3.2815966606140137,0.317
6,143,3.0737547874450684,0.3102
6,144,3.253126382827759,0.3209
6,145,3.179246425628662,0.3332
6,146,3.176626682281494,0.3108
6,147,3.161163568496704,0.3123
6,148,3.0853657722473145,0.3158
6,149,3.3704514503479004,0.317
6,150,3.3082027435302734,0.3147
6,151,3.234008550643921,0.3103
6,152,3.2835636138916016,0.3094
6,153,3.357846736907959,0.3145
6,154,3.345628261566162,0.3155
6,155,3.0797476768493652,0.3173
6,156,2.9659364223480225,0.3189
6,157,3.215151309967041,0.3067
6,158,3.2359933853149414,0.3168
6,159,3.1014223098754883,0.3098
6,160,3.1681666374206543,0.3115
6,161,3.23512601852417,0.3141
6,162,3.3410611152648926,0.312
6,163,3.3471009731292725,0.3075
6,164,3.399386405944824,0.3045
6,165,3.1645333766937256,0.3069
6,166,3.139191150665283,0.3095
6,167,3.338076591491699,0.3116
6,168,3.2107787132263184,0.3229
6,169,3.0847296714782715,0.3101
6,170,3.3203842639923096,0.3181
6,171,3.268991470336914,0.3136
6,172,3.204944610595703,0.3147
6,173,3.211010694503784,0.3112
6,174,3.096264362335205,0.3024
6,175,3.196568489074707,0.3101
6,176,3.067453384399414,0.3142
6,177,3.2009501457214355,0.3071
6,178,3.3826541900634766,0.3117
6,179,3.3721346855163574,0.3373
6,180,3.145688772201538,0.3159
6,181,3.2992429733276367,0.3121
6,182,3.278343677520752,0.3079
6,183,3.5216352939605713,0.3189
6,184,3.239696502685547,0.3115
6,185,3.2926533222198486,0.3187
6,186,3.256246566772461,0.3124
6,187,3.137608766555786,0.3061
6,188,3.141491651535034,0.3119
6,189,3.2415153980255127,0.3097
6,190,3.2139289379119873,0.3128
6,191,3.3803625106811523,0.3143
6,192,3.432950496673584,0.3075
6,193,3.4629344940185547,0.3114
6,194,3.28719425201416,0.3104
6,195,3.096473455429077,0.304
6,196,3.2681941986083984,0.3143
6,197,3.4532222747802734,0.3182
6,198,3.147515296936035,0.3125
6,199,3.498135566711426,0.3142
6,200,3.3462376594543457,0.3099
6,201,3.228268623352051,0.3121
6,202,3.2768754959106445,0.3145
6,203,3.1627655029296875,0.3123
6,204,3.2409331798553467,0.3134
6,205,3.153829574584961,0.31
6,206,3.3032419681549072,0.3151
6,207,3.129429340362549,0.3127
6,208,3.2087655067443848,0.3155
6,209,3.3521320819854736,0.3237
6,210,3.121112585067749,0.313
6,211,3.0966708660125732,0.3055
6,212,3.162874937057495,0.3119
6,213,3.4486067295074463,0.3142
6,214,3.260460376739502,0.3129
6,215,3.424304485321045,0.3102
6,216,3.2849910259246826,0.3088
6,217,3.13079833984375,0.3119
6,218,3.3510682582855225,0.3178
6,219,3.186311721801758,0.297
6,220,3.2477900981903076,0.3218
6,221,3.186278820037842,0.3198
6,222,3.1601743698120117,0.3121
6,223,3.199329376220703,0.3032
6,224,3.281031608581543,0.3131
6,225,3.2355499267578125,0.3122
6,226,3.254906177520752,0.3116
6,227,3.180955410003662,0.3161
6,228,3.084312915802002,0.3203
6,229,3.3491978645324707,0.3087
6,230,3.1433656215667725,0.3126
6,231,3.1304030418395996,0.312
6,232,3.109560251235962,0.3166
6,233,3.172604560852051,0.3095
6,234,3.377108335494995,0.3327
6,235,3.256990432739258,0.3111
6,236,3.3419275283813477,0.3093
6,237,3.3734493255615234,0.3178
6,238,3.3406128883361816,0.3136
6,239,3.246997833251953,0.3281
6,240,3.1825499534606934,0.314
6,241,3.4599928855895996,0.3072
6,242,3.2285048961639404,0.3126
6,243,3.125842571258545,0.3242
6,244,3.15999698638916,0.3213
6,245,3.222208261489868,0.3143
6,246,3.4319634437561035,0.3296
6,247,3.398454427719116,0.3132
6,248,3.3633339405059814,0.3111
6,249,3.27024245262146,0.3211
6,250,3.1257662773132324,0.3155
7,1,3.208787202835083,0.3059
7,2,3.1913485527038574,0.3105
7,3,3.2449593544006348,0.319
7,4,3.240091323852539,0.3091
7,5,3.2548859119415283,0.3075
7,6,3.0003092288970947,0.3209
7,7,3.0274667739868164,0.3063
7,8,3.102151870727539,0.3086
7,9,3.040346622467041,0.3125
7,10,3.2354159355163574,0.3139
7,11,3.1071722507476807,0.3109
7,12,3.5084176063537598,0.2997
7,13,3.148388385772705,0.3072
7,14,3.271326780319214,0.3291
7,15,3.1244401931762695,0.3108
7,16,3.3941078186035156,0.3219
7,17,3.2773897647857666,0.3146
7,18,3.4531049728393555,0.3292
7,19,3.064934730529785,0.3153
7,20,3.330744504928589,0.3313
7,21,3.0829849243164062,0.3075
7,22,3.33440899848938,0.3103
7,23,3.191056251525879,0.3107
7,24,3.3309519290924072,0.3112
7,25,3.0941617488861084,0.3119
7,26,3.5460596084594727,0.3392
7,27,3.054551601409912,0.3072
7,28,3.2460713386535645,0.3136
7,29,3.2573864459991455,0.3142
7,30,3.3980627059936523,0.3105
7,31,3.2193362712860107,0.3235
7,32,3.2753288745880127,0.3121
7,33,3.204765558242798,0.3105
7,34,3.257654905319214,0.3111
7,35,3.2273011207580566,0.3272
7,36,3.0117111206054688,0.3277
7,37,3.2687973976135254,0.315
7,38,3.176567316055298,0.3033
7,39,3.125554084777832,0.3194
7,40,3.358600616455078,0.3133
7,41,3.3178210258483887,0.317
7,42,3.1091647148132324,0.3336
7,43,3.4230799674987793,0.3118
7,44,3.25716495513916,0.3139
7,45,3.3250796794891357,0.3124
7,46,3.204806327819824,0.3078
7,47,3.1397757530212402,0.3135
7,48,3.414379596710205,0.3129
7,49,3.149890422821045,0.3154
7,50,3.3792784214019775,0.3157
7,51,3.3171586990356445,0.317
7,52,3.3632137775421143,0.3095
7,53,3.26945161819458,0.3048
7,54,3.334446907043457,0.321
7,55,3.098788261413574,0.3177
7,56,3.3253586292266846,0.3055
7,57,3.266967535018921,0.312
7,58,3.093280792236328,0.3217
7,59,3.178502082824707,0.3028
7,60,3.2221837043762207,0.3109
7,61,3.0992064476013184,0.3253
7,62,3.1525354385375977,0.3145
7,63,3.052359104156494,0.3195
7,64,3.126997470855713,0.3147
7,65,3.2065165042877197,0.3193
7,66,3.095426321029663,0.3126
7,67,3.1918537616729736,0.3198
7,68,3.227379560470581,0.305
7,69,3.4222447872161865,0.307
7,70,3.367084264755249,0.314
7,71,3.2392807006835938,0.3248
7,72,3.1743252277374268,0.3035
7,73,3.083739757537842,0.3141
7,74,3.3777546882629395,0.3131
7,75,3.226141929626465,0.311
7,76,2.991020917892456,0.3101
7,77,3.301539897918701,0.3131
7,78,3.201751232147217,0.3143
7,79,2.951503276824951,0.317
7,80,3.130373954772949,0.3194
7,81,3.3658957481384277,0.31
7,82,3.1938040256500244,0.3108
7,83,3.3100616931915283,0.313
7,84,3.1778125762939453,0.3111
7,85,3.0425333976745605,0.3176
7,86,3.215135097503662,0.3189
7,87,3.1849594116210938,0.3099
7,88,3.241018772125244,0.3073
7,89,3.3282151222229004,0.3126
7,90,3.254258155822754,0.3161
7,91,3.2193968296051025,0.3176
7,92,3.1580817699432373,0.3132
7,93,3.1445529460906982,0.3067
7,94,3.1788482666015625,0.3199
7,95,3.386427879333496,0.3115
7,96,3.128838062286377,0.3105
7,97,3.1821517944335938,0.33
7,98,3.256394386291504,0.309
7,99,3.1993842124938965,0.3154
7,100,3.3168301582336426,0.3051
7,101,3.205564498901367,0.31
7,102,3.116767644882202,0.3298
7,103,3.269212007522583,0.3052
7,104,3.1747987270355225,0.3076
7,105,3.121548652648926,0.3148
7,106,3.3361644744873047,0.3105
7,107,3.1673426628112793,0.3062
7,108,3.4375290870666504,0.3169
7,109,3.14284086227417,0.3129
7,110,3.2786571979522705,0.311
7,111,3.3170719146728516,0.3173
7,112,3.1820778846740723,0.3099
7,113,2.974167823791504,0.3097
7,114,3.2460808753967285,0.313
7,115,3.165275812149048,0.3116
7,116,3.2508561611175537,0.309
7,117,3.266749382019043,0.311
7,118,3.328566074371338,0.3127
7,119,3.296083450317383,0.3109
7,120,3.2178544998168945,0.3138
7,121,3.021024703979492,0.3395
7,122,3.183336019515991,0.3024
7,123,3.363931655883789,0.3235
7,124,3.280339002609253,0.3188
7,125,3.3871424198150635,0.3114
7,126,3.293888807296753,0.3075
7,127,3.143789291381836,0.3198
7,128,3.066147565841675,0.3166
7,129,3.2775843143463135,0.3118
7,130,3.134887456893921,0.3145
7,131,3.33616304397583,0.3152
7,132,3.4774656295776367,0.3031
7,133,3.413085460662842,0.3163
7,134,3.393582820892334,0.3103
7,135,3.160827159881592,0.3081
7,136,3.2011642456054688,0.3157
7,137,3.0020971298217773,0.3166
7,138,3.300408363342285,0.3195
7,139,3.0142574310302734,0.3153
7,140,3.2859303951263428,0.3163
7,141,3.303377151489258,0.3118
7,142,3.0834531784057617,0.3152
7,143,3.333920478820801,0.3187
7,144,3.2675886154174805,0.3104
7,145,3.288815975189209,0.3072
7,146,3.254403829574585,0.3198
7,147,3.062272071838379,0.3113
7,148,3.446530818939209,0.3097
7,149,3.2736926078796387,0.3183
7,150,3.3582310676574707,0.3176
7,151,3.373425006866455,0.3139
7,152,3.213939666748047,0.3217
7,153,3.178028106689453,0.3257
7,154,3.0981252193450928,0.32
7,155,3.4587278366088867,0.3685
7,156,3.306565284729004,0.3857
7,157,3.252568244934082,0.4017
7,158,3.3795127868652344,0.3137
7,159,3.1408562660217285,0.3016
7,160,3.280186891555786,0.3264
7,161,3.5207085609436035,0.3104
7,162,3.1933765411376953,0.3044
7,163,3.1670494079589844,0.3114
7,164,3.0789294242858887,0.3175
7,165,3.2741498947143555,0.3141
7,166,3.2495334148406982,0.318
7,167,3.358738899230957,0.3148
7,168,3.2080674171447754,0.3113
7,169,3.1520023345947266,0.3103
7,170,3.213024616241455,0.3137
7,171,3.1964802742004395,0.3096
7,172,3.2970166206359863,0.3064
7,173,3.058278799057007,0.3262
7,174,3.2512261867523193,0.3102
7,175,3.0914926528930664,0.3013
7,176,3.1187665462493896,0.3147
7,177,3.2057347297668457,0.3151
7,178,3.016944408416748,0.3171
7,179,3.2528553009033203,0.3207
7,180,3.253251552581787,0.3227
7,181,3.2761340141296387,0.3048
7,182,3.259366750717163,0.3154
7,183,3.092310905456543,0.313
7,184,3.055785894393921,0.3093
7,185,3.4202024936676025,0.3099
7,186,3.2631030082702637,0.3137
7,187,3.3111748695373535,0.3148
7,188,3.2246816158294678,0.3098
7,189,3.3497419357299805,0.324
7,190,3.317215919494629,0.3113
7,191,3.324022054672241,0.3149
7,192,3.122990131378174,0.3102
7,193,3.3091282844543457,0.3191
7,194,3.209674596786499,0.3134
7,195,3.098949432373047,0.3223
7,196,3.355125904083252,0.3118
7,197,3.2157559394836426,0.3118
7,198,3.1543705463409424,0.3145
7,199,3.2909533977508545,0.305
7,200,3.1928458213806152,0.3142
7,201,3.157341480255127,0.3199
7,202,3.115386962890625,0.3134
7,203,3.2436296939849854,0.3177
7,204,3.323881149291992,0.3186
7,205,3.4229376316070557,0.3045
7,206,3.22574520111084,0.3178
7,207,3.324191093444824,0.3415
7,208,3.0442843437194824,0.3116
7,209,3.299865484237671,0.3152
7,210,3.330366611480713,0.3163
7,211,3.173542022705078,0.3111
7,212,3.155529499053955,0.306
7,213,3.338024139404297,0.3159
7,214,3.009777545928955,0.3129
7,215,3.3023552894592285,0.3141
7,216,3.0951998233795166,0.3114
7,217,2.9975879192352295,0.3051
7,218,3.1681838035583496,0.3161
7,219,3.167609214782715,0.3128
7,220,3.1212615966796875,0.3446
7,221,3.226925849914551,0.3309
7,222,3.2450780868530273,0.3108
7,223,3.177177906036377,0.3202
7,224,3.287641763687134,0.3104
7,225,3.3278086185455322,0.313
7,226,3.4224653244018555,0.3109
7,227,3.192286968231201,0.3172
7,228,3.250169277191162,0.3116
7,229,3.1591269969940186,0.3176
7,230,3.1012983322143555,0.3143
7,231,3.0881075859069824,0.3098
7,232,3.100097179412842,0.3065
7,233,3.1350362300872803,0.313
7,234,3.2405176162719727,0.3186
7,235,3.134660482406616,0.3125
7,236,3.2909064292907715,0.318
7,237,3.2383813858032227,0.3122
7,238,3.297487497329712,0.3222
7,239,3.1410458087921143,0.3182
7,240,3.3669357299804688,0.3095
7,241,3.1918482780456543,0.3059
7,242,3.3006324768066406,0.3153
7,243,3.3000717163085938,0.3132
7,244,3.340747833251953,0.3055
7,245,3.4587855339050293,0.3018
7,246,3.2393453121185303,0.3242
7,247,3.254347801208496,0.3128
7,248,3.1265902519226074,0.3215
7,249,3.1849212646484375,0.3141
7,250,3.13368821144104,0.3195
8,1,3.2963404655456543,0.3096
8,2,3.0739665031433105,0.3174
8,3,3.136430025100708,0.3133
8,4,3.2077620029449463,0.3341
8,5,3.208451271057129,0.3122
8,6,3.212496280670166,0.3073
8,7,3.2314846515655518,0.3107
8,8,3.19732928276062,0.3112
8,9,3.259408473968506,0.3087
8,10,3.1631221771240234,0.3121
8,11,3.001655340194702,0.3101
8,12,3.023730516433716,0.3082
8,13,3.27598237991333,0.3122
8,14,3.068131446838379,0.3238
8,15,3.3882668018341064,0.311
8,16,3.1227259635925293,0.3166
8,17,3.3461713790893555,0.3167
8,18,3.1242494583129883,0.3091
8,19,3.2450075149536133,0.3036
8,20,3.021595001220703,0.305
8,21,3.0946099758148193,0.3093
8,22,3.3662631511688232,0.3084
8,23,3.278735876083374,0.313
8,24,3.14901065826416,0.3125
8,25,3.31620192527771,0.3191
8,26,3.1500327587127686,0.3127
8,27,3.2260587215423584,0.3083
8,28,3.3820974826812744,0.3021
8,29,3.3254175186157227,0.3235
8,30,3.3213603496551514,0.3196
8,31,3.0855584144592285,0.3145
8,32,3.1119890213012695,0.3173
8,33,3.2830615043640137,0.3138
8,34,3.4332334995269775,0.3229
8,35,3.459151268005371,0.3083
8,36,3.3719348907470703,0.32
8,37,3.253124237060547,0.3131
8,38,3.1028451919555664,0.3113
8,39,3.169135093688965,0.3108
8,40,3.2662158012390137,0.3108
8,41,3.1431221961975098,0.3191
8,42,3.1620116233825684,0.3052
8,43,3.2277438640594482,0.3198
8,44,3.16428542137146,0.3199
8,45,3.182995319366455,0.3055
8,46,3.1742560863494873,0.3137
8,47,3.249105453491211,0.326
8,48,2.9511377811431885,0.3054
8,49,3.2868194580078125,0.3139
8,50,3.166656494140625,0.3179
8,51,3.2512826919555664,0.312
8,52,3.1577749252319336,0.3067
8,53,3.264366388320923,0.3177
8,54,3.164787769317627,0.3074
8,55,3.3502979278564453,0.3101
8,56,3.1659889221191406,0.3158
8,57,3.2224509716033936,0.3169
8,58,3.221781015396118,0.306
8,59,3.2156455516815186,0.3129
8,60,3.206230640411377,0.3166
8,61,3.2542877197265625,0.3315
8,62,3.14471435546875,0.3137
8,63,3.22775936126709,0.3055
8,64,3.282370090484619,0.3353
8,65,3.287167549133301,0.3151
8,66,3.2104241847991943,0.3055
8,67,3.39577579498291,0.3089
8,68,3.394659996032715,0.3124
8,69,3.1258106231689453,0.3169
8,70,3.2492260932922363,0.3076
8,71,3.339369058609009,0.3155
8,72,2.9743804931640625,0.3102
8,73,3.4082484245300293,0.3222
8,74,3.4321045875549316,0.3167
8,75,3.1949462890625,0.3151
8,76,3.0995571613311768,0.3179
8,77,3.172750473022461,0.3254
8,78,2.9802470207214355,0.3091
8,79,3.1426639556884766,0.3174
8,80,3.207547664642334,0.3129
8,81,3.3696796894073486,0.3098
8,82,3.136317253112793,0.3111
8,83,3.297919273376465,0.3065
8,84,3.20573091506958,0.3086
8,85,3.1814124584198,0.3194
8,86,3.2234697341918945,0.3152
8,87,3.291375160217285,0.307
8,88,2.9755091667175293,0.3152
8,89,3.4272289276123047,0.3203
8,90,3.123674154281616,0.3089
8,91,3.1621761322021484,0.3194
8,92,3.095989465713501,0.3138
8,93,3.158703327178955,0.3102
8,94,3.3899731636047363,0.3072
8,95,3.203113555908203,0.3334
8,96,2.953187942504883,0.3086
8,97,3.312898874282837,0.3131
8,98,3.086561679840088,0.3116
8,99,3.2298803329467773,0.3068
8,100,3.0125930309295654,0.3049
8,101,3.2514073848724365,0.3201
8,102,3.213441848754883,0.3076
8,103,3.263087272644043,0.3089
8,104,3.345027446746826,0.315
8,105,3.3656880855560303,0.318
8,106,3.122570753097534,0.3151
8,107,3.3669896125793457,0.3151
8,108,3.3452868461608887,0.3105
8,109,3.265981674194336,0.312
8,110,3.1483376026153564,0.3097
8,111,3.262465476989746,0.3197
8,112,3.1094119548797607,0.3099
8,113,3.146686315536499,0.3145
8,114,3.2805213928222656,0.3126
8,115,3.1036341190338135,0.3129
8,116,3.3556442260742188,0.3117
8,117,3.3785641193389893,0.3131
8,118,3.2379631996154785,0.3248
8,119,3.1079282760620117,0.3118
8,120,2.8997538089752197,0.3119
8,121,3.2019028663635254,0.3111
8,122,3.288883686065674,0.3137
8,123,3.2927825450897217,0.3087
8,124,3.1319305896759033,0.3337
8,125,3.195528507232666,0.3142
8,126,3.1947600841522217,0.3173
8,127,3.1712255477905273,0.317
8,128,3.200559139251709,0.3086
8,129,3.3560779094696045,0.3153
8,130,3.2144429683685303,0.3152
8,131,3.124518394470215,0.325
8,132,3.1674396991729736,0.3208
8,133,3.3463451862335205,0.314
8,134,3.4076497554779053,0.313
8,135,3.436483860015869,0.317
8,136,3.143604040145874,0.3153
8,137,3.3722782135009766,0.3122
8,138,3.089050054550171,0.3077
8,139,3.1193482875823975,0.3132
8,140,3.2759978771209717,0.3118
8,141,3.377562999725342,0.3135
8,142,3.142606735229492,0.3109
8,143,3.174938678741455,0.3133
8,144,3.3169798851013184,0.3078
8,145,3.492109775543213,0.3165
8,146,3.2506279945373535,0.318
8,147,2.9848477840423584,0.3262
8,148,3.1609179973602295,0.3132
8,149,3.1991090774536133,0.3126
8,150,3.1989097595214844,0.308
8,151,3.2247538566589355,0.315
8,152,3.143890380859375,0.317
8,153,3.198887348175049,0.3195
8,154,3.37229585647583,0.3143
8,155,3.471574544906616,0.3137
8,156,3.1154074668884277,0.3375
8,157,3.1217756271362305,0.3148
8,158,3.2038915157318115,0.3123
8,159,3.269702911376953,0.3132
8,160,3.2854666709899902,0.3114
8,161,3.241899013519287,0.3121
8,162,3.0464398860931396,0.3093
8,163,3.276992082595825,0.3115
8,164,3.3290812969207764,0.3113
8,165,3.1119484901428223,0.3132
8,166,3.111403465270996,0.3145
8,167,3.3517141342163086,0.3095
8,168,3.143871784210205,0.3133
8,169,3.0055313110351562,0.3558
8,170,3.1511621475219727,0.3518
8,171,3.4431469440460205,0.3188
8,172,3.360445261001587,0.3356
8,173,3.203847885131836,0.3257
8,174,3.1145951747894287,0.3228
8,175,3.2297468185424805,0.3137
8,176,3.4535164833068848,0.3165
8,177,3.1775050163269043,0.31
8,178,3.2968857288360596,0.3154
8,179,3.191206216812134,0.3057
8,180,3.2434349060058594,0.3113
8,181,3.093804121017456,0.3143
8,182,3.554319143295288,0.3469
8,183,3.298452377319336,0.31
8,184,3.1233999729156494,0.3156
8,185,3.11215877532959,0.31
8,186,3.386427879333496,0.3154
8,187,3.279498815536499,0.3301
8,188,3.062777280807495,0.3144
8,189,3.059448003768921,0.315
8,190,3.2860822677612305,0.3069
8,191,3.307084798812866,0.3115
8,192,3.2544307708740234,0.3089
8,193,3.1224324703216553,0.3219
8,194,3.146969795227051,0.3157
8,195,3.3090100288391113,0.3125
8,196,3.3336222171783447,0.3103
8,197,3.037616014480591,0.3169
8,198,3.1341638565063477,0.3014
8,199,3.226573944091797,0.3116
8,200,3.2531583309173584,0.3098
8,201,3.241488456726074,0.3149
8,202,3.498483657836914,0.3154
8,203,3.0573604106903076,0.3108
8,204,3.219942569732666,0.3199
8,205,3.3087422847747803,0.3135
8,206,3.3413281440734863,0.3033
8,207,3.119037628173828,0.323
8,208,3.1773548126220703,0.3163
8,209,3.356232166290283,0.3062
8,210,3.1167922019958496,0.3332
8,211,3.23395037651062,0.3117
8,212,3.0193166732788086,0.3131
8,213,3.347264289855957,0.352
8,214,3.438966751098633,0.3422
8,215,3.156996965408325,0.3354
8,216,3.099730968475342,0.3353
8,217,3.1003973484039307,0.3192
8,218,3.3525638580322266,0.3169
8,219,2.9804956912994385,0.3104
8,220,3.0893301963806152,0.3047
8,221,3.4150819778442383,0.3204
8,222,2.966212272644043,0.3124
8,223,3.3197379112243652,0.324
8,224,3.1147072315216064,0.318
8,225,3.2281723022460938,0.3115
8,226,3.36472487449646,0.3134
8,227,3.2657437324523926,0.3152
8,228,3.030791759490967,0.3169
8,229,2.9860565662384033,0.3132
8,230,3.2786905765533447,0.3128
8,231,2.944837808609009,0.3084
8,232,3.255002021789551,0.3253
8,233,3.138587236404419,0.3112
8,234,3.119140148162842,0.3105
8,235,3.136493682861328,0.3125
8,236,3.3119959831237793,0.3136
8,237,2.99495005607605,0.3082
8,238,3.3040332794189453,0.3156
8,239,3.3150906562805176,0.3111
8,240,3.1553409099578857,0.3144
8,241,3.254727363586426,0.3132
8,242,3.2905497550964355,0.3105
8,243,3.205691337585449,0.3098
8,244,3.2870614528656006,0.3312
8,245,3.2608511447906494,0.3127
8,246,3.1643781661987305,0.3163
8,247,3.09572172164917,0.3205
8,248,3.173384428024292,0.3112
8,249,3.2365875244140625,0.3154
8,250,3.2665693759918213,0.313
9,1,3.0958266258239746,0.3117
9,2,3.3561575412750244,0.309
9,3,3.2037906646728516,0.3109
9,4,3.1553242206573486,0.3147
9,5,3.1853790283203125,0.3083
9,6,3.2151854038238525,0.3115
9,7,3.2124972343444824,0.3149
9,8,3.179246425628662,0.3122
9,9,3.345235586166382,0.3164
9,10,3.0924761295318604,0.322
9,11,3.2951531410217285,0.305
9,12,3.213809013366699,0.3188
9,13,3.130927562713623,0.3176
9,14,3.1493992805480957,0.3089
9,15,3.0966310501098633,0.3129
9,16,3.1380972862243652,0.313
9,17,3.158402442932129,0.3288
9,18,3.181145191192627,0.3088
9,19,3.242889642715454,0.3095
9,20,3.3050050735473633,0.308
9,21,3.337846279144287,0.322
9,22,3.158020496368408,0.3187
9,23,3.313244342803955,0.3162
9,24,3.2883291244506836,0.3163
9,25,3.2717652320861816,0.3114
9,26,3.278956890106201,0.3143
9,27,3.24699068069458,0.3153
9,28,3.1526308059692383,0.312
9,29,3.500514507293701,0.3164
9,30,3.229769468307495,0.3125
9,31,3.3026905059814453,0.3071
9,32,3.067446231842041,0.3122
9,33,3.149348497390747,0.3111
9,34,3.4016733169555664,0.311
9,35,3.3376355171203613,0.3175
9,36,3.0698776245117188,0.3173
9,37,3.14816951751709,0.3134
9,38,3.2658579349517822,0.3132
9,39,3.276024341583252,0.3058
9,40,3.258979558944702,0.3067
9,41,3.316408634185791,0.3293
9,42,3.303788185119629,0.3176
9,43,3.129333019256592,0.312
9,44,3.045628309249878,0.3156
9,45,3.0251529216766357,0.3159
9,46,3.0518269538879395,0.3089
9,47,3.2057344913482666,0.309
9,48,3.3411779403686523,0.3177
9,49,3.150641918182373,0.3225
9,50,3.2713005542755127,0.3181
9,51,3.3945915699005127,0.3254
9,52,3.120591878890991,0.3074
9,53,3.384366035461426,0.317
9,54,3.2766661643981934,0.3142
9,55,3.1743173599243164,0.3152
9,56,3.2990641593933105,0.3194
9,57,3.336275100708008,0.3165
9,58,3.10591721534729,0.3098
9,59,3.0634050369262695,0.3077
9,60,3.369947671890259,0.3189
9,61,3.162745952606201,0.3094
9,62,3.3437328338623047,0.3102
9,63,3.412470817565918,0.3262
9,64,3.2701609134674072,0.3152
9,65,3.2172765731811523,0.311
9,66,3.2394957542419434,0.3173
9,67,3.0570006370544434,0.3194
9,68,3.2788026332855225,0.31
9,69,3.180224657058716,0.32
9,70,3.167478084564209,0.305
9,71,3.121068000793457,0.3382
9,72,3.2728049755096436,0.31
9,73,3.080528974533081,0.319
9,74,3.038651943206787,0.3115
9,75,3.3322348594665527,0.3213
9,76,3.134310483932495,0.3183
9,77,3.164684534072876,0.3096
9,78,3.2566308975219727,0.3102
9,79,2.9855310916900635,0.3297
9,80,3.330888271331787,0.317
9,81,3.4172301292419434,0.3215
9,82,3.412662982940674,0.3195
9,83,3.298165798187256,0.3215
9,84,3.3283650875091553,0.3114
9,85,3.1667909622192383,0.3116
9,86,3.3026585578918457,0.3114
9,87,3.0324182510375977,0.3084
9,88,3.0238804817199707,0.3156
9,89,3.381791353225708,0.3127
9,90,3.321233034133911,0.315
9,91,3.301762342453003,0.3175
9,92,3.1777405738830566,0.3146
9,93,3.2233502864837646,0.3136
9,94,3.1877169609069824,0.3181
9,95,3.4802017211914062,0.309
9,96,3.19787859916687,0.3041
9,97,3.282362937927246,0.3025
9,98,3.373488187789917,0.3203
9,99,3.2087244987487793,0.3123
9,100,3.286802291870117,0.3026
9,101,3.073503017425537,0.3267
9,102,3.0867605209350586,0.3148
9,103,3.1727802753448486,0.316
9,104,3.117919921875,0.3252
9,105,3.2950081825256348,0.3122
9,106,3.315490245819092,0.3202
9,107,3.324106216430664,0.3126
9,108,2.9928982257843018,0.3121
9,109,3.1713790893554688,0.3114
9,110,3.0842974185943604,0.3202
9,111,2.941554069519043,0.3102
9,112,3.3191635608673096,0.3217
9,113,3.4444868564605713,0.3097
9,114,3.102842330932617,0.3165
9,115,3.181609630584717,0.313
9,116,3.3457889556884766,0.3093
9,117,3.230048179626465,0.3022
9,118,3.1183929443359375,0.3049
9,119,3.1023921966552734,0.3102
9,120,3.204892873764038,0.3084
9,121,3.3056368827819824,0.3174
9,122,3.211986780166626,0.3325
9,123,3.1630680561065674,0.3119
9,124,3.278050422668457,0.3175
9,125,3.283393383026123,0.3133
9,126,3.261958360671997,0.3113
9,127,3.332095146179199,0.3433
9,128,3.249694347381592,0.3457
9,129,3.4400253295898438,0.3143
9,130,3.2311031818389893,0.3115
9,131,3.3805415630340576,0.3123
9,132,3.176663875579834,0.3052
9,133,3.4199633598327637,0.3199
9,134,3.3844969272613525,0.3183
9,135,3.0645289421081543,0.3087
9,136,3.2611024379730225,0.3138
9,137,3.1087517738342285,0.3202
9,138,3.1133413314819336,0.3078
9,139,3.185026168823242,0.3164
9,140,3.344419002532959,0.3192
9,141,3.0643227100372314,0.3157
9,142,3.1239044666290283,0.3114
9,143,3.118934154510498,0.3099
9,144,3.1796951293945312,0.3109
9,145,3.1431989669799805,0.3084
9,146,3.291118621826172,0.3157
9,147,3.040856122970581,0.3051
9,148,3.1845293045043945,0.3153
9,149,3.2613883018493652,0.3185
9,150,3.3430118560791016,0.3103
9,151,3.2353873252868652,0.3161
9,152,3.1844396591186523,0.3152
9,153,3.087982654571533,0.3221
9,154,3.221738576889038,0.3376
9,155,2.9334499835968018,0.3132
9,156,3.122323989868164,0.314
9,157,3.14583158493042,0.3164
9,158,3.246886730194092,0.3403
9,159,3.145949602127075,0.3146
9,160,3.1848835945129395,0.315
9,161,3.2433037757873535,0.3198
9,162,3.387986183166504,0.3132
9,163,2.995067834854126,0.3104
9,164,3.2160613536834717,0.3163
9,165,3.1948554515838623,0.3154
9,166,3.1526904106140137,0.3136
9,167,3.0136845111846924,0.3101
9,168,3.2206523418426514,0.3065
9,169,2.9008960723876953,0.314
9,170,3.448317289352417,0.31
9,171,3.2931480407714844,0.3119
9,172,3.191826820373535,0.3081
9,173,3.111762046813965,0.3196
9,174,2.972078800201416,0.3161
9,175,3.410832405090332,0.3207
9,176,3.1457340717315674,0.3129
9,177,3.38771390914917,0.3066
9,178,3.1609292030334473,0.3172
9,179,3.2235515117645264,0.3173
9,180,3.3228416442871094,0.3237
9,181,3.220554828643799,0.3138
9,182,3.1919379234313965,0.3127
9,183,3.160228729248047,0.3056
9,184,3.1890201568603516,0.3148
9,185,3.034860134124756,0.311
9,186,3.1960229873657227,0.3391
9,187,3.1412460803985596,0.3084
9,188,3.0052928924560547,0.3151
9,189,3.2529754638671875,0.3107
9,190,3.0824050903320312,0.3157
9,191,3.092188835144043,0.3187
9,192,3.009622097015381,0.3055
9,193,3.0413973331451416,0.3195
9,194,3.3765459060668945,0.3152
9,195,3.2397401332855225,0.3147
9,196,3.1465697288513184,0.3066
9,197,3.272080421447754,0.3043
9,198,3.274930715560913,0.3128
9,199,2.9796741008758545,0.3112
9,200,3.1513876914978027,0.3085
9,201,3.228212356567383,0.3092
9,202,3.1508948802948,0.3109
9,203,3.22526478767395,0.3117
9,204,3.1901817321777344,0.3225
9,205,3.3537960052490234,0.3073
9,206,3.2352561950683594,0.3128
9,207,3.2840685844421387,0.3181
9,208,3.176737070083618,0.3182
9,209,3.0720231533050537,0.3063
9,210,3.275493621826172,0.3297
9,211,3.247992515563965,0.3031
9,212,3.143937587738037,0.3114
9,213,3.1270313262939453,0.3191
9,214,3.1232147216796875,0.3107
9,215,3.2939982414245605,0.3216
9,216,3.297658920288086,0.3461
9,217,3.2298789024353027,0.3146
9,218,3.0471653938293457,0.3072
9,219,3.4476706981658936,0.305
9,220,3.3451409339904785,0.3101
9,221,3.391101360321045,0.3281
9,222,3.297905921936035,0.306
9,223,3.1074423789978027,0.323
9,224,3.10947322845459,0.3154
9,225,3.418999195098877,0.312
9,226,3.244814395904541,0.3079
9,227,3.2863423824310303,0.316
9,228,3.109828233718872,0.3074
9,229,3.396455764770508,0.3157
9,230,3.3360400199890137,0.3182
9,231,3.3027262687683105,0.3154
9,232,3.2732880115509033,0.3152
9,233,3.247220754623413,0.3125
9,234,3.0211946964263916,0.3092
9,235,3.0334699153900146,0.31
9,236,3.200822353363037,0.3164
9,237,3.2425994873046875,0.3182
9,238,3.1862006187438965,0.3099
9,239,3.262120485305786,0.3217
9,240,3.179950714111328,0.3094
9,241,3.132877826690674,0.3192
9,242,3.080718517303467,0.312
9,243,3.108546257019043,0.3111
9,244,3.331550121307373,0.3119
9,245,3.132943630218506,0.3279
9,246,3.149397611618042,0.3129
9,247,3.1841442584991455,0.3146
9,248,3.116933822631836,0.3112
9,249,3.302802801132202,0.3118
9,250,3.2275867462158203,0.3091
10,1,3.055595874786377,0.3004
10,2,3.098508358001709,0.3127
10,3,3.1442739963531494,0.3126
10,4,3.2550148963928223,0.3087
10,5,3.165135622024536,0.3141
10,6,3.245920181274414,0.3128
10,7,3.1822805404663086,0.3086
10,8,3.0384750366210938,0.3161
10,9,3.4107213020324707,0.3199
10,10,3.1956863403320312,0.3106
10,11,3.19881010055542,0.3113
10,12,3.2983040809631348,0.3111
10,13,3.243274450302124,0.3394
10,14,3.115187168121338,0.316
10,15,3.295902729034424,0.3186
10,16,3.243989944458008,0.3119
10,17,3.201756000518799,0.3089
10,18,3.218200206756592,0.3101
10,19,3.023803234100342,0.3053
10,20,3.2621212005615234,0.3129
10,21,3.178582191467285,0.3127
10,22,3.2266271114349365,0.3228
10,23,3.297288656234741,0.3104
10,24,3.2956316471099854,0.3123
10,25,3.0632095336914062,0.3157
10,26,3.1308603286743164,0.2997
10,27,3.2223730087280273,0.3186
10,28,3.1541900634765625,0.3134
10,29,3.4283792972564697,0.329
10,30,3.330726146697998,0.3142
10,31,3.128854990005493,0.3116
10,32,3.106046676635742,0.3209
10,33,3.142333507537842,0.3097
10,34,3.294731378555298,0.3154
10,35,3.2587859630584717,0.3165
10,36,3.0547547340393066,0.3086
10,37,3.268385171890259,0.3115
10,38,3.3824574947357178,0.3423
10,39,3.192284107208252,0.3119
10,40,3.299248456954956,0.3118
10,41,3.3240771293640137,0.312
10,42,3.19069504737854,0.3112
10,43,3.2210195064544678,0.3102
10,44,3.187474012374878,0.3236
10,45,3.1081671714782715,0.3165
10,46,3.3956332206726074,0.3177
10,47,3.3564460277557373,0.3253
10,48,3.2005152702331543,0.3197
10,49,3.379714250564575,0.3184
10,50,3.135347604751587,0.3166
10,51,3.0357933044433594,0.3131
10,52,3.306640386581421,0.3223
10,53,3.1137843132019043,0.3108
10,54,3.225802183151245,0.3078
10,55,3.41838002204895,0.3061
10,56,3.271918296813965,0.316
10,57,3.280574321746826,0.3132
10,58,3.2243828773498535,0.3187
10,59,3.427377939224243,0.3152
10,60,3.258416175842285,0.3118
10,61,3.079782009124756,0.3081
10,62,3.0070443153381348,0.3357
10,63,3.206606388092041,0.3122
10,64,3.010977268218994,0.3167
10,65,3.1823432445526123,0.3071
10,66,3.289206027984619,0.3187
10,67,3.262143135070801,0.3232
10,68,3.293175220489502,0.3139
10,69,3.1622209548950195,0.3329
10,70,3.2054457664489746,0.319
10,71,3.2689497470855713,0.3143
10,72,3.327956199645996,0.3205
10,73,3.1637496948242188,0.3202
10,74,3.191333293914795,0.3152
10,75,3.195577621459961,0.3124
10,76,3.0544991493225098,0.311
10,77,3.3129475116729736,0.3063
10,78,3.2410974502563477,0.3036
10,79,3.2612733840942383,0.317
10,80,3.215353488922119,0.3118
10,81,3.123507499694824,0.3144
10,82,3.26346755027771,0.312
10,83,3.237290382385254,0.314
10,84,3.2250213623046875,0.3145
10,85,3.000568151473999,0.3283
10,86,3.2078516483306885,0.3112
10,87,3.0747737884521484,0.3041
10,88,3.166466236114502,0.3188
10,89,3.4849514961242676,0.3112
10,90,3.208400011062622,0.3141
10,91,3.250760555267334,0.3034
10,92,3.186692714691162,0.3159
10,93,3.337622880935669,0.3053
10,94,3.3432445526123047,0.3007
10,95,3.181396484375,0.3097
10,96,3.17279314994812,0.3182
10,97,3.2292346954345703,0.3416
10,98,3.4499359130859375,0.3138
10,99,3.059971809387207,0.3032
10,100,3.197272300720215,0.3148
10,101,3.311617136001587,0.3179
10,102,3.198847770690918,0.3147
10,103,3.143191337585449,0.3096
10,104,3.0111277103424072,0.3145
10,105,3.247678756713867,0.3099
10,106,2.979299545288086,0.3057
10,107,3.3351082801818848,0.3161
10,108,3.372269630432129,0.3171
10,109,3.128922939300537,0.3135
10,110,3.3119730949401855,0.3097
10,111,3.0791501998901367,0.3101
10,112,3.1658854484558105,0.3169
10,113,3.3885395526885986,0.3124
10,114,3.129542827606201,0.3153
10,115,3.118518352508545,0.3165
10,116,3.119065523147583,0.3172
10,117,3.3186721801757812,0.3071
10,118,2.970747470855713,0.3151
10,119,3.163095712661743,0.331
10,120,2.9444499015808105,0.3126
10,121,3.2429795265197754,0.3056
10,122,3.2006473541259766,0.3086
10,123,3.2138350009918213,0.3111
10,124,3.1331048011779785,0.3206
10,125,3.030858039855957,0.3132
10,126,3.168792724609375,0.3126
10,127,3.283677577972412,0.3132
10,128,3.3829033374786377,0.3054
10,129,3.0807137489318848,0.3067
10,130,3.144456148147583,0.3136
10,131,3.2386536598205566,0.313
10,132,3.3449249267578125,0.3079
10,133,3.3053712844848633,0.3235
10,134,3.167949676513672,0.3126
10,135,3.3461523056030273,0.3091
10,136,3.0958266258239746,0.3193
10,137,3.136913299560547,0.3081
10,138,3.0705628395080566,0.3095
10,139,3.2275712490081787,0.3148
10,140,3.213616371154785,0.3204
10,141,3.4316670894622803,0.313
10,142,3.213019609451294,0.331
10,143,3.002669334411621,0.3102
10,144,3.306065797805786,0.3198
10,145,3.348701000213623,0.3054
10,146,2.833752393722534,0.3031
10,147,3.383960247039795,0.3147
10,148,3.3183326721191406,0.3144
10,149,3.218339681625366,0.3111
10,150,3.2877769470214844,0.32
10,151,3.163039445877075,0.3053
10,152,3.237602472305298,0.3094
10,153,3.2082862854003906,0.3108
10,154,3.245044231414795,0.3135
10,155,3.1862573623657227,0.3174
10,156,2.958631992340088,0.319
10,157,2.9354894161224365,0.31
10,158,3.0733842849731445,0.3156
10,159,3.218217372894287,0.3137
10,160,3.112137794494629,0.3144
10,161,3.1665821075439453,0.3114
10,162,3.2209792137145996,0.3147
10,163,3.1630759239196777,0.312
10,164,3.3610117435455322,0.3049
10,165,3.3119914531707764,0.3115
10,166,3.189682960510254,0.3149
10,167,3.2803521156311035,0.3079
10,168,3.3913114070892334,0.3106
10,169,3.273818016052246,0.3124
10,170,3.1884665489196777,0.3053
10,171,3.2053751945495605,0.3132
10,172,3.2047951221466064,0.3382
10,173,3.2117998600006104,0.3135
10,174,3.2192838191986084,0.3102
10,175,3.125117301940918,0.3112
10,176,3.2840075492858887,0.3085
10,177,3.429008722305298,0.3084
10,178,3.088348150253296,0.3244
10,179,3.0594482421875,0.3102
10,180,3.231971025466919,0.3016
10,181,3.258744478225708,0.3088
10,182,3.263798236846924,0.3117
10,183,3.0324246883392334,0.3168
10,184,3.096499443054199,0.3118
10,185,3.166872262954712,0.3194
10,186,3.3434441089630127,0.3163
10,187,3.275761604309082,0.309
10,188,3.355553150177002,0.3163
10,189,3.345489740371704,0.31
10,190,3.318333625793457,0.3207
10,191,3.3201189041137695,0.3177
10,192,3.2325446605682373,0.3141
10,193,3.316147565841675,0.3028
10,194,3.153434991836548,0.3122
10,195,2.9442591667175293,0.3132
10,196,3.3467652797698975,0.3157
10,197,3.225531816482544,0.3101
10,198,3.1980416774749756,0.3101
10,199,3.2600107192993164,0.3131
10,200,3.180257797241211,0.3121
10,201,3.191725969314575,0.3129
10,202,3.1572351455688477,0.3421
10,203,3.175248146057129,0.313
10,204,3.020864725112915,0.3001
10,205,3.1523141860961914,0.3193
10,206,3.0957107543945312,0.3151
10,207,3.286806106567383,0.3145
10,208,3.2914063930511475,0.3134
10,209,3.0658187866210938,0.3077
10,210,3.2784423828125,0.3114
10,211,3.317105531692505,0.3091
10,212,3.111137866973877,0.3183
10,213,3.2599005699157715,0.3123
10,214,3.089477777481079,0.309
10,215,3.1001436710357666,0.3149
10,216,3.2336080074310303,0.3095
10,217,2.899827480316162,0.3082
10,218,3.288760185241699,0.3181
10,219,3.2808303833007812,0.3122
10,220,3.328672409057617,0.321
10,221,3.3669004440307617,0.3098
10,222,3.1822597980499268,0.3066
10,223,3.456399917602539,0.3271
10,224,3.1230673789978027,0.3255
10,225,3.193448066711426,0.3262
10,226,3.3702034950256348,0.3094
10,227,3.043260335922241,0.3216
10,228,3.2312874794006348,0.3374
10,229,3.325070381164551,0.307
10,230,3.0271849632263184,0.3131
10,231,2.9752683639526367,0.3187
10,232,3.307857036590576,0.3073
10,233,3.1173899173736572,0.3128
10,234,3.46308970451355,0.3117
10,235,3.193474769592285,0.311
10,236,3.11893892288208,0.3082
10,237,3.1474223136901855,0.3118
10,238,3.3045716285705566,0.3148
10,239,3.0960452556610107,0.3154
10,240,2.982133388519287,0.3059
10,241,3.0192627906799316,0.31
10,242,3.0857748985290527,0.3232
10,243,3.0050177574157715,0.3153
10,244,3.352876901626587,0.3039
10,245,3.0494632720947266,0.3246
10,246,3.0685572624206543,0.3133
10,247,3.306964635848999,0.3104
10,248,3.5349111557006836,0.3167
10,249,3.222350835800171,0.3123
10,250,3.1908700466156006,0.31
